name,year,pop,code
Afghanistan,2015,65,AFG
Afghanistan,2014,59.9,AFG
Afghanistan,2013,59.9,AFG
Afghanistan,2012,59.5,AFG
Afghanistan,2011,59.2,AFG
Afghanistan,2010,58.8,AFG
Afghanistan,2009,58.6,AFG
Afghanistan,2008,58.1,AFG
Afghanistan,2007,57.5,AFG
Afghanistan,2006,57.3,AFG
Afghanistan,2005,57.3,AFG
Afghanistan,2004,57,AFG
Afghanistan,2003,56.7,AFG
Afghanistan,2002,56.2,AFG
Afghanistan,2001,55.3,AFG
Afghanistan,2000,54.8,AFG
Albania,2015,77.8,ALB
Albania,2014,77.5,ALB
Albania,2013,77.2,ALB
Albania,2012,76.9,ALB
Albania,2011,76.6,ALB
Albania,2010,76.2,ALB
Albania,2009,76.1,ALB
Albania,2008,75.3,ALB
Albania,2007,75.9,ALB
Albania,2006,74.2,ALB
Albania,2005,73.5,ALB
Albania,2004,73,ALB
Albania,2003,72.8,ALB
Albania,2002,73.3,ALB
Albania,2001,73.6,ALB
Albania,2000,72.6,ALB
Algeria,2015,75.6,DZA
Algeria,2015,75.6,DZA
Algeria,2014,75.4,DZA
Algeria,2014,75.4,DZA
Algeria,2013,75.3,DZA
Algeria,2013,75.3,DZA
Algeria,2012,75.1,DZA
Algeria,2012,75.1,DZA
Algeria,2011,74.9,DZA
Algeria,2011,74.9,DZA
Algeria,2010,74.7,DZA
Algeria,2010,74.7,DZA
Algeria,2009,74.4,DZA
Algeria,2009,74.4,DZA
Algeria,2008,74.1,DZA
Algeria,2008,74.1,DZA
Algeria,2007,73.8,DZA
Algeria,2007,73.8,DZA
Algeria,2006,73.4,DZA
Algeria,2006,73.4,DZA
Algeria,2005,72.9,DZA
Algeria,2005,72.9,DZA
Algeria,2004,72.3,DZA
Algeria,2004,72.3,DZA
Algeria,2003,71.7,DZA
Algeria,2003,71.7,DZA
Algeria,2002,71.6,DZA
Algeria,2002,71.6,DZA
Algeria,2001,71.4,DZA
Algeria,2001,71.4,DZA
Algeria,2000,71.3,DZA
Algeria,2000,71.3,DZA
Angola,2015,52.4,AGO
Angola,2014,51.7,AGO
Angola,2013,51.1,AGO
Angola,2012,56,AGO
Angola,2011,51,AGO
Angola,2010,49.6,AGO
Angola,2009,49.1,AGO
Angola,2008,48.7,AGO
Angola,2007,48.2,AGO
Angola,2006,47.7,AGO
Angola,2005,47.4,AGO
Angola,2004,47.1,AGO
Angola,2003,46.8,AGO
Angola,2002,46.5,AGO
Angola,2001,45.7,AGO
Angola,2000,45.3,AGO
Antigua and Barbuda,2015,76.4,ATG
Antigua and Barbuda,2014,76.2,ATG
Antigua and Barbuda,2013,76.1,ATG
Antigua and Barbuda,2012,75.9,ATG
Antigua and Barbuda,2011,75.7,ATG
Antigua and Barbuda,2010,75.6,ATG
Antigua and Barbuda,2009,75.4,ATG
Antigua and Barbuda,2008,75.2,ATG
Antigua and Barbuda,2007,75,ATG
Antigua and Barbuda,2006,74.8,ATG
Antigua and Barbuda,2005,74.6,ATG
Antigua and Barbuda,2004,74.4,ATG
Antigua and Barbuda,2003,74.2,ATG
Antigua and Barbuda,2002,74,ATG
Antigua and Barbuda,2001,73.8,ATG
Antigua and Barbuda,2000,73.6,ATG
Argentina,2015,76.3,ARG
Argentina,2015,76.3,ARG
Argentina,2014,76.2,ARG
Argentina,2014,76.2,ARG
Argentina,2013,76,ARG
Argentina,2013,76,ARG
Argentina,2012,75.9,ARG
Argentina,2012,75.9,ARG
Argentina,2011,75.7,ARG
Argentina,2011,75.7,ARG
Argentina,2010,75.5,ARG
Argentina,2010,75.5,ARG
Argentina,2009,75.6,ARG
Argentina,2009,75.6,ARG
Argentina,2008,75.4,ARG
Argentina,2008,75.4,ARG
Argentina,2007,74.8,ARG
Argentina,2007,74.8,ARG
Argentina,2006,75.2,ARG
Argentina,2006,75.2,ARG
Argentina,2005,74.9,ARG
Argentina,2005,74.9,ARG
Argentina,2004,74.7,ARG
Argentina,2004,74.7,ARG
Argentina,2003,74.1,ARG
Argentina,2003,74.1,ARG
Argentina,2002,74.1,ARG
Argentina,2002,74.1,ARG
Argentina,2001,74,ARG
Argentina,2001,74,ARG
Argentina,2000,74.1,ARG
Argentina,2000,74.1,ARG
Armenia,2015,74.8,ARM
Armenia,2014,74.6,ARM
Armenia,2013,74.4,ARM
Armenia,2012,74.4,ARM
Armenia,2011,73.9,ARM
Armenia,2010,73.5,ARM
Armenia,2009,73.3,ARM
Armenia,2008,73.2,ARM
Armenia,2007,73.5,ARM
Armenia,2006,72.9,ARM
Armenia,2005,73,ARM
Armenia,2004,73,ARM
Armenia,2003,72.7,ARM
Armenia,2002,72.6,ARM
Armenia,2001,72.6,ARM
Armenia,2000,72,ARM
Australia,2015,82.8,AUS
Australia,2015,82.8,AUS
Australia,2014,82.7,AUS
Australia,2014,82.7,AUS
Australia,2013,82.5,AUS
Australia,2013,82.5,AUS
Australia,2012,82.3,AUS
Australia,2012,82.3,AUS
Australia,2011,82,AUS
Australia,2011,82,AUS
Australia,2010,81.9,AUS
Australia,2010,81.9,AUS
Australia,2009,81.7,AUS
Australia,2009,81.7,AUS
Australia,2008,81.3,AUS
Australia,2008,81.3,AUS
Australia,2007,81.3,AUS
Australia,2007,81.3,AUS
Australia,2006,81.2,AUS
Australia,2006,81.2,AUS
Australia,2005,81,AUS
Australia,2005,81,AUS
Australia,2004,86,AUS
Australia,2004,86,AUS
Australia,2003,83,AUS
Australia,2003,83,AUS
Australia,2002,79.9,AUS
Australia,2002,79.9,AUS
Australia,2001,79.9,AUS
Australia,2001,79.9,AUS
Australia,2000,79.5,AUS
Australia,2000,79.5,AUS
Austria,2015,81.5,AUT
Austria,2015,81.5,AUT
Austria,2014,81.4,AUT
Austria,2014,81.4,AUT
Austria,2013,81.1,AUT
Austria,2013,81.1,AUT
Austria,2012,88,AUT
Austria,2012,88,AUT
Austria,2011,88,AUT
Austria,2011,88,AUT
Austria,2010,84,AUT
Austria,2010,84,AUT
Austria,2009,82,AUT
Austria,2009,82,AUT
Austria,2008,84,AUT
Austria,2008,84,AUT
Austria,2007,81,AUT
Austria,2007,81,AUT
Austria,2006,79.8,AUT
Austria,2006,79.8,AUT
Austria,2005,79.4,AUT
Austria,2005,79.4,AUT
Austria,2004,79.3,AUT
Austria,2004,79.3,AUT
Austria,2003,78.8,AUT
Austria,2003,78.8,AUT
Austria,2002,78.7,AUT
Austria,2002,78.7,AUT
Austria,2001,78.6,AUT
Austria,2001,78.6,AUT
Austria,2000,78.1,AUT
Austria,2000,78.1,AUT
Azerbaijan,2015,72.7,AZE
Azerbaijan,2014,72.5,AZE
Azerbaijan,2013,72.2,AZE
Azerbaijan,2012,71.9,AZE
Azerbaijan,2011,71.6,AZE
Azerbaijan,2010,71.1,AZE
Azerbaijan,2009,78,AZE
Azerbaijan,2008,73,AZE
Azerbaijan,2007,73,AZE
Azerbaijan,2006,69.2,AZE
Azerbaijan,2005,68.4,AZE
Azerbaijan,2004,68.4,AZE
Azerbaijan,2003,67.8,AZE
Azerbaijan,2002,67.8,AZE
Azerbaijan,2001,67.5,AZE
Azerbaijan,2000,66.6,AZE
Bahamas,2015,76.1,BHS
Bahamas,2014,75.4,BHS
Bahamas,2013,74.8,BHS
Bahamas,2012,74.9,BHS
Bahamas,2011,75,BHS
Bahamas,2010,75,BHS
Bahamas,2009,74.6,BHS
Bahrain,2015,76.9,BHR
Bahrain,2014,76.8,BHR
Bahrain,2013,76.7,BHR
Bahrain,2012,76.5,BHR
Bahrain,2011,76.1,BHR
Bahrain,2010,76.1,BHR
Bahrain,2009,76,BHR
Bahrain,2008,75.8,BHR
Bahrain,2007,75.6,BHR
Bahrain,2006,75.5,BHR
Bahrain,2005,75.3,BHR
Bahrain,2004,75.2,BHR
Bahrain,2003,75,BHR
Bahrain,2002,74.9,BHR
Bahrain,2001,74.7,BHR
Bahrain,2000,74.5,BHR
Bangladesh,2015,71.8,BGD
Bangladesh,2014,71.4,BGD
Bangladesh,2013,71,BGD
Bahamas,2008,74.5,BHS
Bahamas,2007,74.4,BHS
Bahamas,2006,74.2,BHS
Bahamas,2005,74.1,BHS
Bahamas,2004,73.8,BHS
Bahamas,2003,73.2,BHS
Bahamas,2002,73.1,BHS
Bahamas,2001,72.9,BHS
Bahamas,2000,72.6,BHS
Bangladesh,2012,77,BGD
Bangladesh,2011,73,BGD
Bangladesh,2010,69.9,BGD
Bangladesh,2009,69.5,BGD
Bangladesh,2008,69.1,BGD
Bangladesh,2007,68.6,BGD
Bangladesh,2006,68.2,BGD
Bangladesh,2005,67.8,BGD
Bangladesh,2004,67.3,BGD
Bangladesh,2003,66.8,BGD
Bangladesh,2002,66.3,BGD
Bangladesh,2001,65.8,BGD
Bangladesh,2000,65.3,BGD
Barbados,2015,75.5,BRB
Barbados,2014,75.4,BRB
Barbados,2013,75.2,BRB
Barbados,2012,75.1,BRB
Barbados,2011,74.9,BRB
Barbados,2010,74.7,BRB
Barbados,2009,74.6,BRB
Barbados,2008,74.4,BRB
Barbados,2007,74.2,BRB
Barbados,2006,74.1,BRB
Barbados,2005,73.9,BRB
Barbados,2004,73.8,BRB
Barbados,2003,73.7,BRB
Barbados,2002,73.5,BRB
Barbados,2001,73.4,BRB
Barbados,2000,73.3,BRB
Belarus,2015,72.3,BLR
Belarus,2014,72,BLR
Belarus,2013,71.7,BLR
Belarus,2012,71.9,BLR
Belarus,2011,72,BLR
Belarus,2010,73,BLR
Belarus,2009,70,BLR
Belarus,2008,70,BLR
Belarus,2007,69.8,BLR
Belarus,2006,68.9,BLR
Belarus,2005,68.1,BLR
Belarus,2004,68.2,BLR
Belarus,2003,67.7,BLR
Belarus,2002,67.2,BLR
Belarus,2001,67.7,BLR
Belarus,2000,68,BLR
Belgium,2015,81.1,BEL
Belgium,2014,89,BEL
Belgium,2013,87,BEL
Belgium,2012,83,BEL
Belgium,2011,83,BEL
Belgium,2010,80,BEL
Belgium,2009,79.8,BEL
Belgium,2008,79.5,BEL
Belgium,2007,79.5,BEL
Belgium,2006,79.4,BEL
Belgium,2005,78.9,BEL
Belgium,2004,78.8,BEL
Belgium,2003,78.3,BEL
Belgium,2002,78,BEL
Belgium,2001,78,BEL
Belgium,2000,77.6,BEL
Belize,2015,71,BLZ
Belize,2014,70,BLZ
Belize,2013,69.8,BLZ
Belize,2012,69.4,BLZ
Belize,2011,69.4,BLZ
Belize,2010,69.5,BLZ
Belize,2009,69.5,BLZ
Belize,2008,69.6,BLZ
Belize,2007,69.6,BLZ
Belize,2006,69.4,BLZ
Belize,2005,69,BLZ
Belize,2004,68.7,BLZ
Belize,2003,68.4,BLZ
Belize,2002,68.5,BLZ
Belize,2001,68.2,BLZ
Belize,2000,68.3,BLZ
Benin,2015,60,BEN
Benin,2014,59.7,BEN
Benin,2013,59.5,BEN
Benin,2012,59.3,BEN
Benin,2011,59.1,BEN
Benin,2010,58.7,BEN
Benin,2009,58.4,BEN
Benin,2008,57.6,BEN
Benin,2007,57.1,BEN
Benin,2006,56.8,BEN
Benin,2005,56.5,BEN
Benin,2004,56.1,BEN
Benin,2003,55.8,BEN
Benin,2002,55.6,BEN
Benin,2001,55.5,BEN
Benin,2000,55.4,BEN
Bhutan,2015,69.8,BTN
Bhutan,2014,69.4,BTN
Bhutan,2013,69.1,BTN
Bhutan,2012,68.7,BTN
Bhutan,2011,68.3,BTN
Bhutan,2010,67.9,BTN
Bhutan,2009,67.4,BTN
Bhutan,2008,67,BTN
Bhutan,2007,66.5,BTN
Bhutan,2006,65.8,BTN
Bhutan,2005,65,BTN
Bhutan,2004,64.2,BTN
Bhutan,2003,63.3,BTN
Bhutan,2002,62.5,BTN
Bhutan,2001,61.7,BTN
Bhutan,2000,62,BTN
Bolivia (Plurinational State of),2015,77,BOL
Bolivia (Plurinational State of),2014,74,BOL
Bolivia (Plurinational State of),2013,71,BOL
Bolivia (Plurinational State of),2012,69.8,BOL
Bolivia (Plurinational State of),2011,69.3,BOL
Bolivia (Plurinational State of),2010,68.7,BOL
Bolivia (Plurinational State of),2009,68,BOL
Bolivia (Plurinational State of),2008,67.4,BOL
Bolivia (Plurinational State of),2007,66.8,BOL
Bolivia (Plurinational State of),2006,66.2,BOL
Bolivia (Plurinational State of),2005,65.7,BOL
Bolivia (Plurinational State of),2004,65.1,BOL
Bolivia (Plurinational State of),2003,64.5,BOL
Bolivia (Plurinational State of),2002,63.9,BOL
Bolivia (Plurinational State of),2001,63.3,BOL
Bolivia (Plurinational State of),2000,62.6,BOL
Bosnia and Herzegovina,2015,77.4,BIH
Bosnia and Herzegovina,2014,77.2,BIH
Bosnia and Herzegovina,2013,77,BIH
Bosnia and Herzegovina,2012,76.8,BIH
Bosnia and Herzegovina,2011,76.9,BIH
Bosnia and Herzegovina,2010,76.4,BIH
Bosnia and Herzegovina,2009,76.1,BIH
Bosnia and Herzegovina,2008,76,BIH
Bosnia and Herzegovina,2007,75.4,BIH
Bosnia and Herzegovina,2006,75.7,BIH
Bosnia and Herzegovina,2005,75,BIH
Bosnia and Herzegovina,2004,75.5,BIH
Bosnia and Herzegovina,2003,75.2,BIH
Bosnia and Herzegovina,2002,75.4,BIH
Bosnia and Herzegovina,2001,74.9,BIH
Bosnia and Herzegovina,2000,74.6,BIH
Botswana,2015,65.7,BWA
Botswana,2014,65.1,BWA
Botswana,2013,64.2,BWA
Botswana,2012,63.4,BWA
Botswana,2011,62.2,BWA
Botswana,2010,61.1,BWA
Botswana,2009,59.2,BWA
Botswana,2008,57.5,BWA
Botswana,2007,56.9,BWA
Botswana,2006,54.8,BWA
Botswana,2005,51.7,BWA
Botswana,2004,48.1,BWA
Botswana,2003,46.4,BWA
Botswana,2002,46,BWA
Botswana,2001,46.7,BWA
Botswana,2000,47.8,BWA
Brazil,2015,75,BRA
Brazil,2014,74.8,BRA
Brazil,2013,74.7,BRA
Brazil,2012,74.5,BRA
Brazil,2011,74.1,BRA
Brazil,2010,73.8,BRA
Brazil,2009,73.6,BRA
Brazil,2008,73.4,BRA
Brazil,2007,73.3,BRA
Brazil,2006,73,BRA
Brazil,2005,72.7,BRA
Brazil,2004,72,BRA
Brazil,2003,71.8,BRA
Brazil,2002,71.4,BRA
Brazil,2001,71,BRA
Brazil,2000,75,BRA
Brunei Darussalam,2015,77.7,BRN
Brunei Darussalam,2014,77.6,BRN
Brunei Darussalam,2013,77.1,BRN
Brunei Darussalam,2012,78.3,BRN
Brunei Darussalam,2011,77.4,BRN
Brunei Darussalam,2010,76.9,BRN
Brunei Darussalam,2009,76.8,BRN
Brunei Darussalam,2008,77.2,BRN
Brunei Darussalam,2007,76,BRN
Brunei Darussalam,2006,76.3,BRN
Brunei Darussalam,2005,76.2,BRN
Brunei Darussalam,2004,76.4,BRN
Brunei Darussalam,2003,76,BRN
Brunei Darussalam,2002,74.8,BRN
Brunei Darussalam,2001,74.7,BRN
Brunei Darussalam,2000,74.4,BRN
Bulgaria,2015,74.5,BGR
Bulgaria,2014,74.3,BGR
Bulgaria,2013,74.1,BGR
Bulgaria,2012,73.9,BGR
Bulgaria,2011,73.7,BGR
Bulgaria,2010,73.4,BGR
Bulgaria,2009,73.2,BGR
Bulgaria,2008,72.9,BGR
Bulgaria,2007,72.6,BGR
Bulgaria,2006,72.2,BGR
Bulgaria,2005,72.1,BGR
Bulgaria,2004,72.2,BGR
Bulgaria,2003,72,BGR
Bulgaria,2002,71.8,BGR
Bulgaria,2001,71.6,BGR
Bulgaria,2000,71.1,BGR
Burkina Faso,2015,59.9,BFA
Burkina Faso,2014,59.3,BFA
Burkina Faso,2013,59,BFA
Burkina Faso,2012,58.6,BFA
Burkina Faso,2011,58.1,BFA
Burkina Faso,2010,57.5,BFA
Burkina Faso,2009,56.9,BFA
Burkina Faso,2008,56.1,BFA
Burkina Faso,2007,55.3,BFA
Burkina Faso,2006,54.3,BFA
Burkina Faso,2005,53.3,BFA
Burkina Faso,2004,52.4,BFA
Burkina Faso,2003,51.6,BFA
Burkina Faso,2002,51,BFA
Burkina Faso,2001,56,BFA
Burkina Faso,2000,51,BFA
Burundi,2015,59.6,BDI
Burundi,2015,59.6,BDI
Burundi,2014,59.1,BDI
Burundi,2014,59.1,BDI
Burundi,2013,58.6,BDI
Burundi,2013,58.6,BDI
Burundi,2012,58,BDI
Burundi,2012,58,BDI
Burundi,2011,57.4,BDI
Burundi,2011,57.4,BDI
Burundi,2010,56.8,BDI
Burundi,2010,56.8,BDI
Burundi,2009,56.2,BDI
Burundi,2009,56.2,BDI
Burundi,2008,55.3,BDI
Burundi,2008,55.3,BDI
Burundi,2007,54.8,BDI
Burundi,2007,54.8,BDI
Burundi,2006,54.1,BDI
Burundi,2006,54.1,BDI
Burundi,2005,53.4,BDI
Burundi,2005,53.4,BDI
Burundi,2004,52.6,BDI
Burundi,2004,52.6,BDI
Burundi,2003,51.9,BDI
Burundi,2003,51.9,BDI
Burundi,2002,51.5,BDI
Burundi,2002,51.5,BDI
Burundi,2001,51.3,BDI
Burundi,2001,51.3,BDI
Burundi,2000,58,BDI
Burundi,2000,58,BDI
Côte d'Ivoire,2015,53.3,CIV
Côte d'Ivoire,2014,52.8,CIV
Côte d'Ivoire,2013,52.3,CIV
Côte d'Ivoire,2012,52,CIV
Côte d'Ivoire,2011,51.7,CIV
Côte d'Ivoire,2010,51.5,CIV
Côte d'Ivoire,2009,51,CIV
Côte d'Ivoire,2008,54,CIV
Côte d'Ivoire,2007,49.9,CIV
Côte d'Ivoire,2006,49.4,CIV
Côte d'Ivoire,2005,48.7,CIV
Côte d'Ivoire,2004,48.2,CIV
Côte d'Ivoire,2003,48,CIV
Côte d'Ivoire,2002,47.7,CIV
Côte d'Ivoire,2001,47.8,CIV
Côte d'Ivoire,2000,47.9,CIV
Cabo Verde,2015,73.3,CPV
Cabo Verde,2014,73,CPV
Cabo Verde,2013,72.8,CPV
Cabo Verde,2012,72.7,CPV
Cabo Verde,2011,72.6,CPV
Cabo Verde,2010,72.5,CPV
Cabo Verde,2009,72.4,CPV
Cabo Verde,2008,72.4,CPV
Cabo Verde,2007,72.3,CPV
Cabo Verde,2006,72.1,CPV
Cabo Verde,2005,71.8,CPV
Cabo Verde,2004,71.4,CPV
Cabo Verde,2003,71.1,CPV
Cabo Verde,2002,77,CPV
Cabo Verde,2001,73,CPV
Cabo Verde,2000,69.9,CPV
Cambodia,2015,68.7,KHM
Cambodia,2014,68.3,KHM
Cambodia,2013,67.8,KHM
Cambodia,2012,67.4,KHM
Cambodia,2011,67,KHM
Cambodia,2010,66.6,KHM
Cambodia,2009,66.1,KHM
Cambodia,2008,65.6,KHM
Cambodia,2007,65,KHM
Cambodia,2006,64.1,KHM
Cambodia,2005,62.9,KHM
Cambodia,2004,61.5,KHM
Cambodia,2003,63,KHM
Cambodia,2002,59.3,KHM
Cambodia,2001,58.5,KHM
Cambodia,2000,57.7,KHM
Cameroon,2015,57.3,CMR
Cameroon,2014,56.7,CMR
Cameroon,2013,56.4,CMR
Cameroon,2012,55.9,CMR
Cameroon,2011,55.6,CMR
Cameroon,2010,55.3,CMR
Cameroon,2009,54.8,CMR
Cameroon,2008,54.2,CMR
Cameroon,2007,53.6,CMR
Cameroon,2006,53.3,CMR
Cameroon,2005,52.8,CMR
Cameroon,2004,52.1,CMR
Cameroon,2003,51.8,CMR
Cameroon,2002,51.6,CMR
Cameroon,2001,51.5,CMR
Cameroon,2000,51.4,CMR
Canada,2015,82.2,CAN
Canada,2015,82.2,CAN
Canada,2014,82,CAN
Canada,2014,82,CAN
Canada,2013,81.8,CAN
Canada,2013,81.8,CAN
Canada,2012,81.6,CAN
Canada,2012,81.6,CAN
Canada,2011,81.5,CAN
Canada,2011,81.5,CAN
Canada,2010,81.2,CAN
Canada,2010,81.2,CAN
Canada,2009,81,CAN
Canada,2009,81,CAN
Canada,2008,87,CAN
Canada,2008,87,CAN
Canada,2007,85,CAN
Canada,2007,85,CAN
Canada,2006,85,CAN
Canada,2006,85,CAN
Canada,2005,81,CAN
Canada,2005,81,CAN
Canada,2004,80,CAN
Canada,2004,80,CAN
Canada,2003,79.7,CAN
Canada,2003,79.7,CAN
Canada,2002,79.5,CAN
Canada,2002,79.5,CAN
Canada,2001,79.4,CAN
Canada,2001,79.4,CAN
Canada,2000,79.1,CAN
Canada,2000,79.1,CAN
Central African Republic,2015,52.5,CAF
Central African Republic,2014,58,CAF
Central African Republic,2013,49.9,CAF
Central African Republic,2012,53,CAF
Central African Republic,2011,49.8,CAF
Central African Republic,2010,49.2,CAF
Central African Republic,2009,48.6,CAF
Central African Republic,2008,47.6,CAF
Central African Republic,2007,46.8,CAF
Central African Republic,2006,46.3,CAF
Central African Republic,2005,45.9,CAF
Central African Republic,2004,45.7,CAF
Central African Republic,2003,45.7,CAF
Central African Republic,2002,45.6,CAF
Central African Republic,2001,45.6,CAF
Central African Republic,2000,46,CAF
Chad,2015,53.1,TCD
Chad,2014,52.6,TCD
Chad,2013,52.2,TCD
Chad,2012,51.8,TCD
Chad,2011,51.6,TCD
Chad,2010,51.2,TCD
Chad,2009,57,TCD
Chad,2008,49.6,TCD
Chad,2007,49.4,TCD
Chad,2006,48.5,TCD
Chad,2005,48.6,TCD
Chad,2004,48.5,TCD
Chad,2003,48.4,TCD
Chad,2002,48.1,TCD
Chad,2001,48,TCD
Chad,2000,47.6,TCD
Chile,2015,85,CHL
Chile,2014,83,CHL
Chile,2013,81,CHL
Chile,2012,79.9,CHL
Chile,2011,79.8,CHL
Chile,2010,79.1,CHL
Chile,2009,79.3,CHL
Chile,2008,79.6,CHL
Chile,2007,78.9,CHL
Chile,2006,78.9,CHL
Chile,2005,78.4,CHL
Chile,2004,78,CHL
Chile,2003,77.9,CHL
Chile,2002,77.8,CHL
Chile,2001,77.3,CHL
Chile,2000,77.3,CHL
China,2015,76.1,CHN
China,2014,75.8,CHN
China,2013,75.6,CHN
China,2012,75.4,CHN
China,2011,75.2,CHN
China,2010,75,CHN
China,2009,74.9,CHN
China,2008,74.5,CHN
China,2007,74.4,CHN
China,2006,74.2,CHN
China,2005,73.9,CHN
China,2004,73.5,CHN
China,2003,73.1,CHN
China,2002,72.7,CHN
China,2001,72.2,CHN
China,2000,71.7,CHN
Colombia,2015,74.8,COL
Colombia,2014,74.6,COL
Colombia,2013,74.4,COL
Colombia,2012,74.3,COL
Colombia,2011,74.2,COL
Colombia,2010,73.6,COL
Colombia,2009,73.6,COL
Colombia,2008,73.5,COL
Colombia,2007,73.5,COL
Colombia,2006,73.1,COL
Colombia,2005,73.1,COL
Colombia,2004,72.8,COL
Colombia,2003,72.4,COL
Colombia,2002,71.8,COL
Colombia,2001,71.5,COL
Colombia,2000,71.4,COL
Comoros,2015,63.5,COM
Comoros,2014,63.2,COM
Comoros,2013,62.9,COM
Comoros,2012,62.5,COM
Comoros,2011,62.2,COM
Comoros,2010,61.8,COM
Comoros,2009,61.3,COM
Comoros,2008,61,COM
Comoros,2007,66,COM
Comoros,2006,63,COM
Comoros,2005,60,COM
Comoros,2004,59.8,COM
Comoros,2003,59.6,COM
Comoros,2002,59.5,COM
Comoros,2001,59.5,COM
Comoros,2000,59.5,COM
Congo,2015,64.7,COG
Congo,2014,64.2,COG
Congo,2013,63.9,COG
Congo,2012,63.7,COG
Congo,2011,62.9,COG
Congo,2010,62,COG
Congo,2009,68,COG
Congo,2008,59.4,COG
Congo,2007,58.2,COG
Congo,2006,56.9,COG
Congo,2005,55.3,COG
Congo,2004,54.1,COG
Congo,2003,53.2,COG
Congo,2002,52.6,COG
Congo,2001,52.7,COG
Congo,2000,52.9,COG
Cook Islands,2013,null,COK
Costa Rica,2015,79.6,CRI
Costa Rica,2014,79.5,CRI
Costa Rica,2013,79.4,CRI
Costa Rica,2012,79.2,CRI
Costa Rica,2011,79,CRI
Costa Rica,2010,78.1,CRI
Costa Rica,2009,79.2,CRI
Costa Rica,2008,78.9,CRI
Costa Rica,2007,78.9,CRI
Costa Rica,2006,78,CRI
Costa Rica,2005,78.6,CRI
Costa Rica,2004,77.7,CRI
Costa Rica,2003,78,CRI
Costa Rica,2002,78.3,CRI
Costa Rica,2001,77.5,CRI
Costa Rica,2000,77.6,CRI
Croatia,2015,78,HRV
Croatia,2014,77.8,HRV
Croatia,2013,77.7,HRV
Croatia,2012,77.1,HRV
Croatia,2011,77,HRV
Croatia,2010,76.6,HRV
Croatia,2009,76.3,HRV
Croatia,2008,76,HRV
Croatia,2007,75.8,HRV
Croatia,2006,75.9,HRV
Croatia,2005,75.2,HRV
Croatia,2004,75.4,HRV
Croatia,2003,74.7,HRV
Croatia,2002,74.8,HRV
Croatia,2001,74.9,HRV
Croatia,2000,74.7,HRV
Cuba,2015,79.1,CUB
Cuba,2014,79,CUB
Cuba,2013,78.7,CUB
Cuba,2012,78.7,CUB
Cuba,2011,78.8,CUB
Cuba,2010,78,CUB
Cuba,2009,78.1,CUB
Cuba,2008,77.9,CUB
Cuba,2007,78.1,CUB
Cuba,2006,78,CUB
Cuba,2005,77.2,CUB
Cuba,2004,77.3,CUB
Cuba,2003,77.4,CUB
Cuba,2002,77.7,CUB
Cuba,2001,76.7,CUB
Cuba,2000,76.9,CUB
Cyprus,2015,85,CYP
Cyprus,2014,83,CYP
Cyprus,2013,81,CYP
Cyprus,2012,80,CYP
Cyprus,2011,79.7,CYP
Cyprus,2010,79.5,CYP
Cyprus,2009,79.3,CYP
Cyprus,2008,79.1,CYP
Cyprus,2007,78.9,CYP
Cyprus,2006,78.8,CYP
Cyprus,2005,78.7,CYP
Cyprus,2004,78.6,CYP
Cyprus,2003,78.5,CYP
Cyprus,2002,78.4,CYP
Cyprus,2001,78.2,CYP
Cyprus,2000,78.1,CYP
Czechia,2015,78.8,CZE
Czechia,2014,78.6,CZE
Czechia,2013,78.2,CZE
Czechia,2012,78,CZE
Czechia,2011,77.8,CZE
Czechia,2010,77.5,CZE
Czechia,2009,77.1,CZE
Czechia,2008,77,CZE
Czechia,2007,76.8,CZE
Czechia,2006,76.5,CZE
Czechia,2005,75.9,CZE
Czechia,2004,75.8,CZE
Czechia,2003,75.2,CZE
Czechia,2002,75.3,CZE
Czechia,2001,75.1,CZE
Czechia,2000,74.7,CZE
Democratic People's Republic of Korea,2015,76,null
Democratic People's Republic of Korea,2014,73,null
Democratic People's Republic of Korea,2013,71,null
Democratic People's Republic of Korea,2012,69.8,null
Democratic People's Republic of Korea,2011,69.4,null
Democratic People's Republic of Korea,2010,69,null
Democratic People's Republic of Korea,2009,68.7,null
Democratic People's Republic of Korea,2008,68.6,null
Democratic People's Republic of Korea,2007,68.5,null
Democratic People's Republic of Korea,2006,68.5,null
Democratic People's Republic of Korea,2005,68.5,null
Democratic People's Republic of Korea,2004,68.4,null
Democratic People's Republic of Korea,2003,68.1,null
Democratic People's Republic of Korea,2002,67.6,null
Democratic People's Republic of Korea,2001,66.6,null
Democratic People's Republic of Korea,2000,65.4,null
Democratic Republic of the Congo,2015,59.8,null
Democratic Republic of the Congo,2014,59.3,null
Democratic Republic of the Congo,2013,58.8,null
Democratic Republic of the Congo,2012,58.3,null
Democratic Republic of the Congo,2011,57.9,null
Democratic Republic of the Congo,2010,57.4,null
Democratic Republic of the Congo,2009,56.7,null
Democratic Republic of the Congo,2008,56.3,null
Democratic Republic of the Congo,2007,55.7,null
Democratic Republic of the Congo,2006,55,null
Democratic Republic of the Congo,2005,54.3,null
Democratic Republic of the Congo,2004,53.5,null
Democratic Republic of the Congo,2003,52.8,null
Democratic Republic of the Congo,2002,52.1,null
Democratic Republic of the Congo,2001,51.8,null
Democratic Republic of the Congo,2000,51.3,null
Denmark,2015,86,DNK
Denmark,2014,84,DNK
Denmark,2013,81,DNK
Denmark,2012,80,DNK
Denmark,2011,79.7,DNK
Denmark,2010,79.2,DNK
Denmark,2009,78.9,DNK
Denmark,2008,78.8,DNK
Denmark,2007,78.4,DNK
Denmark,2006,78.1,DNK
Denmark,2005,78.1,DNK
Denmark,2004,77.7,DNK
Denmark,2003,77.3,DNK
Denmark,2002,77,DNK
Denmark,2001,77,DNK
Denmark,2000,76.9,DNK
Djibouti,2015,63.5,DJI
Djibouti,2014,63,DJI
Djibouti,2013,62.7,DJI
Djibouti,2012,62.2,DJI
Djibouti,2011,61.8,DJI
Djibouti,2010,61.3,DJI
Djibouti,2009,69,DJI
Djibouti,2008,62,DJI
Djibouti,2007,59.8,DJI
Djibouti,2006,59.1,DJI
Djibouti,2005,58.6,DJI
Djibouti,2004,58.1,DJI
Djibouti,2003,58,DJI
Djibouti,2002,57.9,DJI
Djibouti,2001,57.7,DJI
Djibouti,2000,57.4,DJI
Dominica,2013,null,DMA
Dominican Republic,2015,73.9,DOM
Dominican Republic,2014,73.6,DOM
Dominican Republic,2013,73.4,DOM
Dominican Republic,2012,72.1,DOM
Dominican Republic,2011,73.1,DOM
Dominican Republic,2010,72.7,DOM
Dominican Republic,2009,73.6,DOM
Dominican Republic,2008,73.3,DOM
Dominican Republic,2007,72.9,DOM
Dominican Republic,2006,72.3,DOM
Dominican Republic,2005,69.7,DOM
Dominican Republic,2004,69.3,DOM
Dominican Republic,2003,73,DOM
Dominican Republic,2002,71.4,DOM
Dominican Republic,2001,71.2,DOM
Dominican Republic,2000,72,DOM
Ecuador,2015,76.2,ECU
Ecuador,2014,76,ECU
Ecuador,2013,76,ECU
Ecuador,2012,75.5,ECU
Ecuador,2011,75.3,ECU
Ecuador,2010,75,ECU
Ecuador,2009,75.1,ECU
Ecuador,2008,74.6,ECU
Ecuador,2007,74.7,ECU
Ecuador,2006,74.4,ECU
Ecuador,2005,74.2,ECU
Ecuador,2004,74.4,ECU
Ecuador,2003,74.4,ECU
Ecuador,2002,73.6,ECU
Ecuador,2001,73.4,ECU
Ecuador,2000,72.8,ECU
Egypt,2015,79,EGY
Egypt,2014,78,EGY
Egypt,2013,79,EGY
Egypt,2012,72,EGY
Egypt,2011,74,EGY
Egypt,2010,70,EGY
Egypt,2009,69.9,EGY
Egypt,2008,69.8,EGY
Egypt,2007,69.7,EGY
Egypt,2006,69.5,EGY
Egypt,2005,69.4,EGY
Egypt,2004,69,EGY
Egypt,2003,68.6,EGY
Egypt,2002,68.7,EGY
Egypt,2001,68.6,EGY
Egypt,2000,68.8,EGY
El Salvador,2015,73.5,SLV
El Salvador,2014,73.3,SLV
El Salvador,2013,73,SLV
El Salvador,2012,73,SLV
El Salvador,2011,72,SLV
El Salvador,2010,72,SLV
El Salvador,2009,71.4,SLV
El Salvador,2008,71.7,SLV
El Salvador,2007,71.2,SLV
El Salvador,2006,75,SLV
El Salvador,2005,71,SLV
El Salvador,2004,70,SLV
El Salvador,2003,69.9,SLV
El Salvador,2002,73,SLV
El Salvador,2001,68.9,SLV
El Salvador,2000,69,SLV
Equatorial Guinea,2015,58.2,GNQ
Equatorial Guinea,2014,57.9,GNQ
Equatorial Guinea,2013,57.4,GNQ
Equatorial Guinea,2012,56.7,GNQ
Equatorial Guinea,2011,56.2,GNQ
Equatorial Guinea,2010,56.1,GNQ
Equatorial Guinea,2009,55.7,GNQ
Equatorial Guinea,2008,55.4,GNQ
Equatorial Guinea,2007,55,GNQ
Equatorial Guinea,2006,54.8,GNQ
Equatorial Guinea,2005,54.4,GNQ
Equatorial Guinea,2004,54.1,GNQ
Equatorial Guinea,2003,53.8,GNQ
Equatorial Guinea,2002,53.5,GNQ
Equatorial Guinea,2001,53.1,GNQ
Equatorial Guinea,2000,52.7,GNQ
Eritrea,2015,64.7,ERI
Eritrea,2014,64.4,ERI
Eritrea,2013,64,ERI
Eritrea,2012,63.6,ERI
Eritrea,2011,62.9,ERI
Eritrea,2010,62.1,ERI
Eritrea,2009,61.4,ERI
Eritrea,2008,67,ERI
Eritrea,2007,62,ERI
Eritrea,2006,59.7,ERI
Eritrea,2005,59.4,ERI
Eritrea,2004,59.1,ERI
Eritrea,2003,58.8,ERI
Eritrea,2002,58.5,ERI
Eritrea,2001,58.1,ERI
Eritrea,2000,45.3,ERI
Estonia,2015,77.6,EST
Estonia,2014,77.3,EST
Estonia,2013,76.9,EST
Estonia,2012,76.3,EST
Estonia,2011,76.1,EST
Estonia,2010,75.6,EST
Estonia,2009,74.9,EST
Estonia,2008,74.2,EST
Estonia,2007,73,EST
Estonia,2006,73,EST
Estonia,2005,72.8,EST
Estonia,2004,72.3,EST
Estonia,2003,71.9,EST
Estonia,2002,71.2,EST
Estonia,2001,78,EST
Estonia,2000,78,EST
Ethiopia,2015,64.8,ETH
Ethiopia,2014,64.2,ETH
Ethiopia,2013,63.7,ETH
Ethiopia,2012,63.3,ETH
Ethiopia,2011,62.6,ETH
Ethiopia,2010,61.8,ETH
Ethiopia,2009,68,ETH
Ethiopia,2008,59.8,ETH
Ethiopia,2007,58.5,ETH
Ethiopia,2006,57.2,ETH
Ethiopia,2005,56,ETH
Ethiopia,2004,55,ETH
Ethiopia,2003,54,ETH
Ethiopia,2002,53.2,ETH
Ethiopia,2001,52.5,ETH
Ethiopia,2000,51.2,ETH
Fiji,2015,69.9,FJI
Fiji,2014,69.7,FJI
Fiji,2013,69.6,FJI
Fiji,2012,69.4,FJI
Fiji,2011,69.2,FJI
Fiji,2010,69.1,FJI
Fiji,2009,68.9,FJI
Fiji,2008,68.7,FJI
Fiji,2007,68.6,FJI
Fiji,2006,68.5,FJI
Fiji,2005,68.3,FJI
Fiji,2004,68.1,FJI
Fiji,2003,68,FJI
Fiji,2002,67.9,FJI
Fiji,2001,67.8,FJI
Fiji,2000,67.7,FJI
Finland,2015,81.1,FIN
Finland,2014,89,FIN
Finland,2013,87,FIN
Finland,2012,84,FIN
Finland,2011,83,FIN
Finland,2010,79.9,FIN
Finland,2009,79.7,FIN
Finland,2008,79.6,FIN
Finland,2007,79.3,FIN
Finland,2006,79.2,FIN
Finland,2005,78.9,FIN
Finland,2004,78.7,FIN
Finland,2003,78.4,FIN
Finland,2002,78.1,FIN
Finland,2001,78,FIN
Finland,2000,77.5,FIN
France,2015,82.4,FRA
France,2014,82.2,FRA
France,2013,82,FRA
France,2012,81.5,FRA
France,2011,81.7,FRA
France,2010,81.3,FRA
France,2009,81.1,FRA
France,2008,89,FRA
France,2007,89,FRA
France,2006,86,FRA
France,2005,81,FRA
France,2004,82,FRA
France,2003,79.3,FRA
France,2002,79.2,FRA
France,2001,79,FRA
France,2000,78.8,FRA
Gabon,2015,66,GAB
Gabon,2014,65.5,GAB
Gabon,2013,64.6,GAB
Gabon,2012,63.5,GAB
Gabon,2011,62.8,GAB
Gabon,2010,62.3,GAB
Gabon,2009,61.7,GAB
Gabon,2008,61.6,GAB
Gabon,2007,61.6,GAB
Gabon,2006,61.4,GAB
Gabon,2005,65,GAB
Gabon,2004,59.7,GAB
Gabon,2003,59.7,GAB
Gabon,2002,59.7,GAB
Gabon,2001,59.8,GAB
Gabon,2000,61,GAB
Gambia,2015,61.1,GMB
Gambia,2015,61.1,GMB
Gambia,2015,61.1,GMB
Gambia,2014,68,GMB
Gambia,2014,68,GMB
Gambia,2014,68,GMB
Gambia,2013,66,GMB
Gambia,2013,66,GMB
Gambia,2013,66,GMB
Gambia,2012,62,GMB
Gambia,2012,62,GMB
Gambia,2012,62,GMB
Gambia,2011,59.8,GMB
Gambia,2011,59.8,GMB
Gambia,2011,59.8,GMB
Gambia,2010,59.3,GMB
Gambia,2010,59.3,GMB
Gambia,2010,59.3,GMB
Gambia,2009,59,GMB
Gambia,2009,59,GMB
Gambia,2009,59,GMB
Gambia,2008,58.7,GMB
Gambia,2008,58.7,GMB
Gambia,2008,58.7,GMB
Gambia,2007,58.5,GMB
Gambia,2007,58.5,GMB
Gambia,2007,58.5,GMB
Gambia,2006,58.2,GMB
Gambia,2006,58.2,GMB
Gambia,2006,58.2,GMB
Gambia,2005,57.7,GMB
Gambia,2005,57.7,GMB
Gambia,2005,57.7,GMB
Gambia,2004,57.3,GMB
Gambia,2004,57.3,GMB
Gambia,2004,57.3,GMB
Gambia,2003,57,GMB
Gambia,2003,57,GMB
Gambia,2003,57,GMB
Gambia,2002,56.6,GMB
Gambia,2002,56.6,GMB
Gambia,2002,56.6,GMB
Gambia,2001,56.3,GMB
Gambia,2001,56.3,GMB
Gambia,2001,56.3,GMB
Gambia,2000,55.9,GMB
Gambia,2000,55.9,GMB
Gambia,2000,55.9,GMB
Georgia,2015,74.4,GEO
Georgia,2014,74.5,GEO
Georgia,2013,74.5,GEO
Georgia,2012,74.2,GEO
Georgia,2011,73.9,GEO
Georgia,2010,73.8,GEO
Georgia,2009,73.2,GEO
Georgia,2008,73.9,GEO
Georgia,2007,74.4,GEO
Georgia,2006,73.9,GEO
Georgia,2005,73.9,GEO
Georgia,2004,72.3,GEO
Georgia,2003,72.7,GEO
Georgia,2002,71.7,GEO
Georgia,2001,73,GEO
Georgia,2000,71.8,GEO
Germany,2015,81,DEU
Germany,2014,89,DEU
Germany,2013,86,DEU
Germany,2012,86,DEU
Germany,2011,85,DEU
Germany,2010,81,DEU
Germany,2009,80,DEU
Germany,2008,79.9,DEU
Germany,2007,79.8,DEU
Germany,2006,79.6,DEU
Germany,2005,79.2,DEU
Germany,2004,79.1,DEU
Germany,2003,78.5,DEU
Germany,2002,78.4,DEU
Germany,2001,78.3,DEU
Germany,2000,78,DEU
Ghana,2015,62.4,GHA
Ghana,2014,62.1,GHA
Ghana,2013,61.9,GHA
Ghana,2012,61.6,GHA
Ghana,2011,61.2,GHA
Ghana,2010,69,GHA
Ghana,2009,66,GHA
Ghana,2008,63,GHA
Ghana,2007,59.9,GHA
Ghana,2006,59.4,GHA
Ghana,2005,58.9,GHA
Ghana,2004,58.3,GHA
Ghana,2003,57.9,GHA
Ghana,2002,57.6,GHA
Ghana,2001,57.4,GHA
Ghana,2000,57.2,GHA
Greece,2015,81,GRC
Greece,2014,88,GRC
Greece,2013,86,GRC
Greece,2012,84,GRC
Greece,2011,85,GRC
Greece,2010,83,GRC
Greece,2009,80,GRC
Greece,2008,79.9,GRC
Greece,2007,79.4,GRC
Greece,2006,79.7,GRC
Greece,2005,79.3,GRC
Greece,2004,79.2,GRC
Greece,2003,79.1,GRC
Greece,2002,79,GRC
Greece,2001,78.7,GRC
Greece,2000,78.2,GRC
Grenada,2015,73.6,GRD
Grenada,2014,73.5,GRD
Grenada,2013,73.3,GRD
Grenada,2012,73.1,GRD
Grenada,2011,72.9,GRD
Grenada,2010,72.6,GRD
Grenada,2009,72.4,GRD
Grenada,2008,72.1,GRD
Grenada,2007,71.9,GRD
Grenada,2006,71.7,GRD
Grenada,2005,71.5,GRD
Grenada,2004,73,GRD
Grenada,2003,71.1,GRD
Grenada,2002,79,GRD
Grenada,2001,77,GRD
Grenada,2000,74,GRD
Guatemala,2015,71.9,GTM
Guatemala,2014,71.7,GTM
Guatemala,2013,71.4,GTM
Guatemala,2012,71.3,GTM
Guatemala,2011,71.1,GTM
Guatemala,2010,77,GTM
Guatemala,2009,76,GTM
Guatemala,2008,79,GTM
Guatemala,2007,75,GTM
Guatemala,2006,69.7,GTM
Guatemala,2005,69.2,GTM
Guatemala,2004,69.6,GTM
Guatemala,2003,69.4,GTM
Guatemala,2002,69.3,GTM
Guatemala,2001,68.4,GTM
Guatemala,2000,67.7,GTM
Guinea,2015,59,GIN
Guinea,2014,58.1,GIN
Guinea,2013,58.8,GIN
Guinea,2012,58.4,GIN
Guinea,2011,58.1,GIN
Guinea,2010,57.8,GIN
Guinea,2009,57.3,GIN
Guinea,2008,56.8,GIN
Guinea,2007,56.4,GIN
Guinea,2006,55.6,GIN
Guinea,2005,54.7,GIN
Guinea,2004,54,GIN
Guinea,2003,53.3,GIN
Guinea,2002,52.9,GIN
Guinea,2001,52.5,GIN
Guinea,2000,52.5,GIN
Guinea-Bissau,2015,58.9,GNB
Guinea-Bissau,2014,58.4,GNB
Guinea-Bissau,2013,58.1,GNB
Guinea-Bissau,2012,57.6,GNB
Guinea-Bissau,2011,57.1,GNB
Guinea-Bissau,2010,56.7,GNB
Guinea-Bissau,2009,56.3,GNB
Guinea-Bissau,2008,55.6,GNB
Guinea-Bissau,2007,55,GNB
Guinea-Bissau,2006,54.4,GNB
Guinea-Bissau,2005,53.9,GNB
Guinea-Bissau,2004,53.5,GNB
Guinea-Bissau,2003,53,GNB
Guinea-Bissau,2002,52.8,GNB
Guinea-Bissau,2001,52.5,GNB
Guinea-Bissau,2000,52.1,GNB
Guyana,2015,66.2,GUY
Guyana,2015,66.2,GUY
Guyana,2014,66,GUY
Guyana,2014,66,GUY
Guyana,2013,65.9,GUY
Guyana,2013,65.9,GUY
Guyana,2012,65.8,GUY
Guyana,2012,65.8,GUY
Guyana,2011,65.6,GUY
Guyana,2011,65.6,GUY
Guyana,2010,65.9,GUY
Guyana,2010,65.9,GUY
Guyana,2009,66.1,GUY
Guyana,2009,66.1,GUY
Guyana,2008,66.3,GUY
Guyana,2008,66.3,GUY
Guyana,2007,65.7,GUY
Guyana,2007,65.7,GUY
Guyana,2006,65.2,GUY
Guyana,2006,65.2,GUY
Guyana,2005,65,GUY
Guyana,2005,65,GUY
Guyana,2004,65.1,GUY
Guyana,2004,65.1,GUY
Guyana,2003,65.3,GUY
Guyana,2003,65.3,GUY
Guyana,2002,65.3,GUY
Guyana,2002,65.3,GUY
Guyana,2001,65.4,GUY
Guyana,2001,65.4,GUY
Guyana,2000,65.4,GUY
Guyana,2000,65.4,GUY
Haiti,2015,63.5,HTI
Haiti,2014,63.1,HTI
Haiti,2013,62.7,HTI
Haiti,2012,62.3,HTI
Haiti,2011,62.3,HTI
Haiti,2010,36.3,HTI
Haiti,2009,62.5,HTI
Haiti,2008,62.1,HTI
Haiti,2007,61.8,HTI
Haiti,2006,61.1,HTI
Haiti,2005,65,HTI
Haiti,2004,58.7,HTI
Haiti,2003,59.7,HTI
Haiti,2002,59.3,HTI
Haiti,2001,58.9,HTI
Haiti,2000,58.6,HTI
Honduras,2015,74.6,HND
Honduras,2014,74.5,HND
Honduras,2013,74.3,HND
Honduras,2012,74.1,HND
Honduras,2011,73.9,HND
Honduras,2010,73.6,HND
Honduras,2009,73.4,HND
Honduras,2008,73.2,HND
Honduras,2007,73,HND
Honduras,2006,72.8,HND
Honduras,2005,72.5,HND
Honduras,2004,72.2,HND
Honduras,2003,71.9,HND
Honduras,2002,71.6,HND
Honduras,2001,71.3,HND
Honduras,2000,71,HND
Hungary,2015,75.8,HUN
Hungary,2014,75.6,HUN
Hungary,2013,75.5,HUN
Hungary,2012,75,HUN
Hungary,2011,74.8,HUN
Hungary,2010,74.5,HUN
Hungary,2009,74.2,HUN
Hungary,2008,74.1,HUN
Hungary,2007,73.5,HUN
Hungary,2006,73.4,HUN
Hungary,2005,72.9,HUN
Hungary,2004,72.9,HUN
Hungary,2003,72.5,HUN
Hungary,2002,72.5,HUN
Hungary,2001,72.3,HUN
Hungary,2000,71.7,HUN
Iceland,2015,82.7,ISL
Iceland,2015,82.7,ISL
Iceland,2014,82.5,ISL
Iceland,2014,82.5,ISL
Iceland,2013,82.4,ISL
Iceland,2013,82.4,ISL
Iceland,2012,82.5,ISL
Iceland,2012,82.5,ISL
Iceland,2011,82.1,ISL
Iceland,2011,82.1,ISL
Iceland,2010,81.8,ISL
Iceland,2010,81.8,ISL
Iceland,2009,81.6,ISL
Iceland,2009,81.6,ISL
Iceland,2008,81.4,ISL
Iceland,2008,81.4,ISL
Iceland,2007,81.3,ISL
Iceland,2007,81.3,ISL
Iceland,2006,81.1,ISL
Iceland,2006,81.1,ISL
Iceland,2005,81,ISL
Iceland,2005,81,ISL
Iceland,2004,88,ISL
Iceland,2004,88,ISL
Iceland,2003,87,ISL
Iceland,2003,87,ISL
Iceland,2002,84,ISL
Iceland,2002,84,ISL
Iceland,2001,80,ISL
Iceland,2001,80,ISL
Iceland,2000,79.7,ISL
Iceland,2000,79.7,ISL
India,2015,68.3,IND
India,2014,68,IND
India,2013,67.6,IND
India,2012,67.3,IND
India,2011,66.8,IND
India,2010,66.4,IND
India,2009,66,IND
India,2008,65.5,IND
India,2007,65.2,IND
India,2006,64.8,IND
India,2005,64.4,IND
India,2004,64,IND
India,2003,63.7,IND
India,2002,63.3,IND
India,2001,62.9,IND
India,2000,62.5,IND
Indonesia,2015,69.1,IDN
Indonesia,2015,69.1,IDN
Indonesia,2014,68.9,IDN
Indonesia,2014,68.9,IDN
Indonesia,2013,68.7,IDN
Indonesia,2013,68.7,IDN
Indonesia,2012,68.5,IDN
Indonesia,2012,68.5,IDN
Indonesia,2011,68.3,IDN
Indonesia,2011,68.3,IDN
Indonesia,2010,68.1,IDN
Indonesia,2010,68.1,IDN
Indonesia,2009,67.9,IDN
Indonesia,2009,67.9,IDN
Indonesia,2008,67.7,IDN
Indonesia,2008,67.7,IDN
Indonesia,2007,67.5,IDN
Indonesia,2007,67.5,IDN
Indonesia,2006,67.3,IDN
Indonesia,2006,67.3,IDN
Indonesia,2005,67.2,IDN
Indonesia,2005,67.2,IDN
Indonesia,2004,65.3,IDN
Indonesia,2004,65.3,IDN
Indonesia,2003,66.9,IDN
Indonesia,2003,66.9,IDN
Indonesia,2002,66.7,IDN
Indonesia,2002,66.7,IDN
Indonesia,2001,66.5,IDN
Indonesia,2001,66.5,IDN
Indonesia,2000,66.3,IDN
Indonesia,2000,66.3,IDN
Iran (Islamic Republic of),2015,75.5,IRN
Iran (Islamic Republic of),2014,75.4,IRN
Iran (Islamic Republic of),2013,75.3,IRN
Iran (Islamic Republic of),2012,75.1,IRN
Iran (Islamic Republic of),2011,74.7,IRN
Iran (Islamic Republic of),2010,74.1,IRN
Iran (Islamic Republic of),2009,73.3,IRN
Iran (Islamic Republic of),2008,72.7,IRN
Iran (Islamic Republic of),2007,72.4,IRN
Iran (Islamic Republic of),2006,72.2,IRN
Iran (Islamic Republic of),2005,72,IRN
Iran (Islamic Republic of),2004,71.8,IRN
Iran (Islamic Republic of),2003,75,IRN
Iran (Islamic Republic of),2002,71.2,IRN
Iran (Islamic Republic of),2001,78,IRN
Iran (Islamic Republic of),2000,73,IRN
Iraq,2015,68.9,IRQ
Iraq,2015,68.9,IRQ
Iraq,2014,67.9,IRQ
Iraq,2014,67.9,IRQ
Iraq,2013,69.5,IRQ
Iraq,2013,69.5,IRQ
Iraq,2012,76,IRQ
Iraq,2012,76,IRQ
Iraq,2011,77,IRQ
Iraq,2011,77,IRQ
Iraq,2010,76,IRQ
Iraq,2010,76,IRQ
Iraq,2009,74,IRQ
Iraq,2009,74,IRQ
Iraq,2008,69.3,IRQ
Iraq,2008,69.3,IRQ
Iraq,2007,65.9,IRQ
Iraq,2007,65.9,IRQ
Iraq,2006,64.7,IRQ
Iraq,2006,64.7,IRQ
Iraq,2005,66.8,IRQ
Iraq,2005,66.8,IRQ
Iraq,2004,67.2,IRQ
Iraq,2004,67.2,IRQ
Iraq,2003,66.5,IRQ
Iraq,2003,66.5,IRQ
Iraq,2002,74,IRQ
Iraq,2002,74,IRQ
Iraq,2001,72,IRQ
Iraq,2001,72,IRQ
Iraq,2000,70,IRQ
Iraq,2000,70,IRQ
Ireland,2015,81.4,IRL
Ireland,2015,81.4,IRL
Ireland,2014,81.2,IRL
Ireland,2014,81.2,IRL
Ireland,2013,81,IRL
Ireland,2013,81,IRL
Ireland,2012,85,IRL
Ireland,2012,85,IRL
Ireland,2011,84,IRL
Ireland,2011,84,IRL
Ireland,2010,86,IRL
Ireland,2010,86,IRL
Ireland,2009,79.7,IRL
Ireland,2009,79.7,IRL
Ireland,2008,79.8,IRL
Ireland,2008,79.8,IRL
Ireland,2007,79.5,IRL
Ireland,2007,79.5,IRL
Ireland,2006,79,IRL
Ireland,2006,79,IRL
Ireland,2005,78.7,IRL
Ireland,2005,78.7,IRL
Ireland,2004,78.3,IRL
Ireland,2004,78.3,IRL
Ireland,2003,78,IRL
Ireland,2003,78,IRL
Ireland,2002,77.4,IRL
Ireland,2002,77.4,IRL
Ireland,2001,77,IRL
Ireland,2001,77,IRL
Ireland,2000,76.4,IRL
Ireland,2000,76.4,IRL
Israel,2015,82.5,ISR
Israel,2014,82.2,ISR
Israel,2013,82.1,ISR
Israel,2012,81.8,ISR
Israel,2011,81.8,ISR
Israel,2010,81.7,ISR
Israel,2009,81.5,ISR
Israel,2008,81,ISR
Israel,2007,84,ISR
Israel,2006,84,ISR
Israel,2005,80,ISR
Israel,2004,81,ISR
Israel,2003,79.7,ISR
Israel,2002,79.3,ISR
Israel,2001,79.3,ISR
Israel,2000,78.9,ISR
Italy,2015,82.7,ITA
Italy,2014,82.5,ITA
Italy,2013,82.3,ITA
Italy,2012,82,ITA
Italy,2011,82,ITA
Italy,2010,81.8,ITA
Italy,2009,81.6,ITA
Italy,2008,81.5,ITA
Italy,2007,81.3,ITA
Italy,2006,81.2,ITA
Italy,2005,88,ITA
Italy,2004,89,ITA
Italy,2003,79.9,ITA
Italy,2002,80,ITA
Italy,2001,79.8,ITA
Italy,2000,79.4,ITA
Jamaica,2015,76.2,JAM
Jamaica,2014,75.8,JAM
Jamaica,2013,75.6,JAM
Jamaica,2012,75.3,JAM
Jamaica,2011,75.2,JAM
Jamaica,2010,75,JAM
Jamaica,2009,74.7,JAM
Jamaica,2008,74.5,JAM
Jamaica,2007,74.2,JAM
Jamaica,2006,74,JAM
Jamaica,2005,73.5,JAM
Jamaica,2004,73.3,JAM
Jamaica,2003,73.1,JAM
Jamaica,2002,73,JAM
Jamaica,2001,72.7,JAM
Jamaica,2000,72.6,JAM
Japan,2015,83.7,JPN
Japan,2014,83.5,JPN
Japan,2013,83.5,JPN
Japan,2012,83.3,JPN
Japan,2011,82.5,JPN
Japan,2010,83,JPN
Japan,2009,83,JPN
Japan,2008,82.7,JPN
Japan,2007,82.6,JPN
Japan,2006,82.4,JPN
Japan,2005,82,JPN
Japan,2004,82.1,JPN
Japan,2003,81.9,JPN
Japan,2002,81.8,JPN
Japan,2001,81.5,JPN
Japan,2000,81.1,JPN
Jordan,2015,74.1,JOR
Jordan,2014,74,JOR
Jordan,2013,73.9,JOR
Jordan,2012,73.7,JOR
Jordan,2011,73.6,JOR
Jordan,2010,73.4,JOR
Jordan,2009,73.3,JOR
Jordan,2008,73.1,JOR
Jordan,2007,73,JOR
Jordan,2006,72.8,JOR
Jordan,2005,72.4,JOR
Jordan,2004,72.5,JOR
Jordan,2003,72.3,JOR
Jordan,2002,72.1,JOR
Jordan,2001,71.9,JOR
Jordan,2000,71.7,JOR
Kazakhstan,2015,72,KAZ
Kazakhstan,2014,69.9,KAZ
Kazakhstan,2013,69.5,KAZ
Kazakhstan,2012,69.1,KAZ
Kazakhstan,2011,68.5,KAZ
Kazakhstan,2010,67.8,KAZ
Kazakhstan,2009,67.8,KAZ
Kazakhstan,2008,66.6,KAZ
Kazakhstan,2007,65.3,KAZ
Kazakhstan,2006,65,KAZ
Kazakhstan,2005,64.6,KAZ
Kazakhstan,2004,64.7,KAZ
Kazakhstan,2003,64.4,KAZ
Kazakhstan,2002,64.7,KAZ
Kazakhstan,2001,64.4,KAZ
Kazakhstan,2000,63.9,KAZ
Kenya,2015,63.4,KEN
Kenya,2014,62.9,KEN
Kenya,2013,62.6,KEN
Kenya,2012,62.1,KEN
Kenya,2011,61.2,KEN
Kenya,2010,63,KEN
Kenya,2009,59.1,KEN
Kenya,2008,57.9,KEN
Kenya,2007,56.8,KEN
Kenya,2006,55.3,KEN
Kenya,2005,54.1,KEN
Kenya,2004,53,KEN
Kenya,2003,52.4,KEN
Kenya,2002,52.1,KEN
Kenya,2001,51.9,KEN
Kenya,2000,51.9,KEN
Kiribati,2015,66.3,KIR
Kiribati,2014,66.1,KIR
Kiribati,2013,65.8,KIR
Kiribati,2012,65.7,KIR
Kiribati,2011,65.5,KIR
Kiribati,2010,65.3,KIR
Kiribati,2009,65.2,KIR
Kiribati,2008,65.1,KIR
Kiribati,2007,65,KIR
Kiribati,2006,65,KIR
Kiribati,2005,64.9,KIR
Kiribati,2004,64.8,KIR
Kiribati,2003,64.7,KIR
Kiribati,2002,64.6,KIR
Kiribati,2001,64.3,KIR
Kiribati,2000,64.1,KIR
Kuwait,2015,74.7,KWT
Kuwait,2014,74.6,KWT
Kuwait,2013,74.5,KWT
Kuwait,2012,74.3,KWT
Kuwait,2011,74.2,KWT
Kuwait,2010,74,KWT
Kuwait,2009,73.9,KWT
Kuwait,2008,73.8,KWT
Kuwait,2007,73.7,KWT
Kuwait,2006,73.6,KWT
Kuwait,2005,73.6,KWT
Kuwait,2004,73.5,KWT
Kuwait,2003,73.4,KWT
Kuwait,2002,73.3,KWT
Kuwait,2001,73.2,KWT
Kuwait,2000,73.2,KWT
Kyrgyzstan,2015,71.1,KGZ
Kyrgyzstan,2014,78,KGZ
Kyrgyzstan,2013,77,KGZ
Kyrgyzstan,2012,69.9,KGZ
Kyrgyzstan,2011,69.4,KGZ
Kyrgyzstan,2010,68.8,KGZ
Kyrgyzstan,2009,68.5,KGZ
Kyrgyzstan,2008,67.6,KGZ
Kyrgyzstan,2007,67.2,KGZ
Kyrgyzstan,2006,66.7,KGZ
Kyrgyzstan,2005,66.9,KGZ
Kyrgyzstan,2004,67.1,KGZ
Kyrgyzstan,2003,66.6,KGZ
Kyrgyzstan,2002,66.7,KGZ
Kyrgyzstan,2001,67.2,KGZ
Kyrgyzstan,2000,66.6,KGZ
Lao People's Democratic Republic,2015,65.7,LAO
Lao People's Democratic Republic,2014,65.3,LAO
Lao People's Democratic Republic,2013,64.9,LAO
Lao People's Democratic Republic,2012,64.4,LAO
Lao People's Democratic Republic,2011,64,LAO
Lao People's Democratic Republic,2010,63.6,LAO
Lao People's Democratic Republic,2009,63.1,LAO
Lao People's Democratic Republic,2008,62.6,LAO
Lao People's Democratic Republic,2007,62.1,LAO
Lao People's Democratic Republic,2006,61.5,LAO
Lao People's Democratic Republic,2005,61,LAO
Lao People's Democratic Republic,2004,64,LAO
Lao People's Democratic Republic,2003,59.8,LAO
Lao People's Democratic Republic,2002,59.3,LAO
Lao People's Democratic Republic,2001,58.7,LAO
Lao People's Democratic Republic,2000,58.1,LAO
Latvia,2015,74.6,LVA
Latvia,2014,74.4,LVA
Latvia,2013,74.1,LVA
Latvia,2012,73.8,LVA
Latvia,2011,73.6,LVA
Latvia,2010,72.8,LVA
Latvia,2009,72.6,LVA
Latvia,2008,71.9,LVA
Latvia,2007,78,LVA
Latvia,2006,75,LVA
Latvia,2005,76,LVA
Latvia,2004,71,LVA
Latvia,2003,78,LVA
Latvia,2002,73,LVA
Latvia,2001,69.9,LVA
Latvia,2000,71,LVA
Lebanon,2015,74.9,LBN
Lebanon,2014,74.8,LBN
Lebanon,2013,74.9,LBN
Lebanon,2012,75,LBN
Lebanon,2011,75,LBN
Lebanon,2010,74.9,LBN
Lebanon,2009,74.7,LBN
Lebanon,2008,74.5,LBN
Lebanon,2007,74.4,LBN
Lebanon,2006,74.1,LBN
Lebanon,2005,73.9,LBN
Lebanon,2004,73.7,LBN
Lebanon,2003,73.5,LBN
Lebanon,2002,73.2,LBN
Lebanon,2001,73,LBN
Lebanon,2000,72.7,LBN
Lesotho,2015,53.7,LSO
Lesotho,2014,52.1,LSO
Lesotho,2013,52.1,LSO
Lesotho,2012,52.2,LSO
Lesotho,2011,52.3,LSO
Lesotho,2010,51.1,LSO
Lesotho,2009,49.4,LSO
Lesotho,2008,47.8,LSO
Lesotho,2007,46.2,LSO
Lesotho,2006,45.3,LSO
Lesotho,2005,44.5,LSO
Lesotho,2004,44.8,LSO
Lesotho,2003,45.5,LSO
Lesotho,2002,46.4,LSO
Lesotho,2001,47.8,LSO
Lesotho,2000,49.3,LSO
Liberia,2015,61.4,LBR
Liberia,2015,61.4,LBR
Liberia,2014,58.1,LBR
Liberia,2014,58.1,LBR
Liberia,2013,61.1,LBR
Liberia,2013,61.1,LBR
Liberia,2012,67,LBR
Liberia,2012,67,LBR
Liberia,2011,62,LBR
Liberia,2011,62,LBR
Liberia,2010,59.7,LBR
Liberia,2010,59.7,LBR
Liberia,2009,59.2,LBR
Liberia,2009,59.2,LBR
Liberia,2008,58.6,LBR
Liberia,2008,58.6,LBR
Liberia,2007,57.9,LBR
Liberia,2007,57.9,LBR
Liberia,2006,56.7,LBR
Liberia,2006,56.7,LBR
Liberia,2005,55.3,LBR
Liberia,2005,55.3,LBR
Liberia,2004,54,LBR
Liberia,2004,54,LBR
Liberia,2003,50,LBR
Liberia,2003,50,LBR
Liberia,2002,56,LBR
Liberia,2002,56,LBR
Liberia,2001,51.5,LBR
Liberia,2001,51.5,LBR
Liberia,2000,51.9,LBR
Liberia,2000,51.9,LBR
Libya,2015,72.7,LBY
Libya,2014,72.4,LBY
Libya,2013,72.9,LBY
Libya,2012,72.9,LBY
Libya,2011,71.3,LBY
Libya,2010,72.8,LBY
Libya,2009,72.7,LBY
Libya,2008,72.6,LBY
Libya,2007,72.5,LBY
Libya,2006,72.2,LBY
Libya,2005,71.9,LBY
Libya,2004,71.5,LBY
Libya,2003,71.3,LBY
Libya,2002,71.1,LBY
Libya,2001,71,LBY
Libya,2000,78,LBY
Lithuania,2015,73.6,LTU
Lithuania,2014,73.4,LTU
Lithuania,2013,73,LTU
Lithuania,2012,73,LTU
Lithuania,2011,72.8,LTU
Lithuania,2010,72.4,LTU
Lithuania,2009,72.2,LTU
Lithuania,2008,71.1,LTU
Lithuania,2007,72,LTU
Lithuania,2006,76,LTU
Lithuania,2005,78,LTU
Lithuania,2004,71.6,LTU
Lithuania,2003,71.6,LTU
Lithuania,2002,71.4,LTU
Lithuania,2001,71.2,LTU
Lithuania,2000,71.6,LTU
Luxembourg,2015,82,LUX
Luxembourg,2014,81.7,LUX
Luxembourg,2013,81.4,LUX
Luxembourg,2012,81.1,LUX
Luxembourg,2011,88,LUX
Luxembourg,2010,86,LUX
Luxembourg,2009,83,LUX
Luxembourg,2008,80,LUX
Luxembourg,2007,79.7,LUX
Luxembourg,2006,79.4,LUX
Luxembourg,2005,78.8,LUX
Luxembourg,2004,78.7,LUX
Luxembourg,2003,78.6,LUX
Luxembourg,2002,78.3,LUX
Luxembourg,2001,78,LUX
Luxembourg,2000,77.8,LUX
Madagascar,2015,65.5,MDG
Madagascar,2014,65.1,MDG
Madagascar,2013,64.7,MDG
Madagascar,2012,64.3,MDG
Madagascar,2011,63.8,MDG
Madagascar,2010,63.3,MDG
Madagascar,2009,62.8,MDG
Madagascar,2008,62.3,MDG
Madagascar,2007,61.9,MDG
Madagascar,2006,61.4,MDG
Madagascar,2005,69,MDG
Madagascar,2004,64,MDG
Madagascar,2003,59.9,MDG
Madagascar,2002,59.3,MDG
Madagascar,2001,58.7,MDG
Madagascar,2000,57.9,MDG
Malawi,2015,58.3,MWI
Malawi,2015,58.3,MWI
Malawi,2014,57.6,MWI
Malawi,2014,57.6,MWI
Malawi,2013,56.7,MWI
Malawi,2013,56.7,MWI
Malawi,2012,55.3,MWI
Malawi,2012,55.3,MWI
Malawi,2011,54.1,MWI
Malawi,2011,54.1,MWI
Malawi,2010,52.9,MWI
Malawi,2010,52.9,MWI
Malawi,2009,51.5,MWI
Malawi,2009,51.5,MWI
Malawi,2008,50,MWI
Malawi,2008,50,MWI
Malawi,2007,48.5,MWI
Malawi,2007,48.5,MWI
Malawi,2006,47.1,MWI
Malawi,2006,47.1,MWI
Malawi,2005,46,MWI
Malawi,2005,46,MWI
Malawi,2004,45.1,MWI
Malawi,2004,45.1,MWI
Malawi,2003,44.6,MWI
Malawi,2003,44.6,MWI
Malawi,2002,44,MWI
Malawi,2002,44,MWI
Malawi,2001,43.5,MWI
Malawi,2001,43.5,MWI
Malawi,2000,43.1,MWI
Malawi,2000,43.1,MWI
Malaysia,2015,75,MYS
Malaysia,2014,74.8,MYS
Malaysia,2013,74.6,MYS
Malaysia,2012,74.5,MYS
Malaysia,2011,74.3,MYS
Malaysia,2010,74.1,MYS
Malaysia,2009,74,MYS
Malaysia,2008,73.8,MYS
Malaysia,2007,73.7,MYS
Malaysia,2006,73.6,MYS
Malaysia,2005,73.4,MYS
Malaysia,2004,73.2,MYS
Malaysia,2003,73.1,MYS
Malaysia,2002,72.9,MYS
Malaysia,2001,72.7,MYS
Malaysia,2000,72.4,MYS
Maldives,2015,78.5,MDV
Maldives,2014,78.2,MDV
Maldives,2013,77.9,MDV
Maldives,2012,77.6,MDV
Maldives,2011,77.3,MDV
Maldives,2010,76.7,MDV
Maldives,2009,76.3,MDV
Maldives,2008,75.9,MDV
Maldives,2007,75.4,MDV
Maldives,2006,75,MDV
Maldives,2005,74.3,MDV
Maldives,2004,73.4,MDV
Maldives,2003,72.7,MDV
Maldives,2002,71.8,MDV
Maldives,2001,78,MDV
Maldives,2000,69.6,MDV
Mali,2015,58.2,MLI
Mali,2014,57.8,MLI
Mali,2013,57.3,MLI
Mali,2012,57.2,MLI
Mali,2011,56.8,MLI
Mali,2010,56.5,MLI
Mali,2009,56,MLI
Mali,2008,55.5,MLI
Mali,2007,55,MLI
Mali,2006,54.3,MLI
Mali,2005,53.6,MLI
Mali,2004,52.8,MLI
Mali,2003,52,MLI
Mali,2002,51.2,MLI
Mali,2001,55,MLI
Mali,2000,49.8,MLI
Malta,2015,81.7,MLT
Malta,2014,81.4,MLT
Malta,2013,81.1,MLT
Malta,2012,81,MLT
Malta,2011,87,MLT
Malta,2010,83,MLT
Malta,2009,82,MLT
Malta,2008,80,MLT
Malta,2007,79.6,MLT
Malta,2006,79.3,MLT
Malta,2005,79,MLT
Malta,2004,78.7,MLT
Malta,2003,78.5,MLT
Malta,2002,78.2,MLT
Malta,2001,77.8,MLT
Malta,2000,77.5,MLT
Marshall Islands,2013,null,MHL
Mauritania,2015,63.1,MRT
Mauritania,2014,63,MRT
Mauritania,2013,62.7,MRT
Mauritania,2012,62.5,MRT
Mauritania,2011,62.2,MRT
Mauritania,2010,62,MRT
Mauritania,2009,61.7,MRT
Mauritania,2008,61.4,MRT
Mauritania,2007,61.2,MRT
Mauritania,2006,69,MRT
Mauritania,2005,66,MRT
Mauritania,2004,64,MRT
Mauritania,2003,63,MRT
Mauritania,2002,62,MRT
Mauritania,2001,61,MRT
Mauritania,2000,60,MRT
Mauritius,2015,74.6,MUS
Mauritius,2014,74.2,MUS
Mauritius,2013,74.1,MUS
Mauritius,2012,73.9,MUS
Mauritius,2011,73.6,MUS
Mauritius,2010,73.3,MUS
Mauritius,2009,72.8,MUS
Mauritius,2008,72.7,MUS
Mauritius,2007,72.9,MUS
Mauritius,2006,71.8,MUS
Mauritius,2005,72.1,MUS
Mauritius,2004,71.9,MUS
Mauritius,2003,71.5,MUS
Mauritius,2002,71.5,MUS
Mauritius,2001,71.5,MUS
Mauritius,2000,71,MUS
Mexico,2015,76.7,MEX
Mexico,2014,76.6,MEX
Mexico,2013,76.6,MEX
Mexico,2012,76.3,MEX
Mexico,2011,76.1,MEX
Mexico,2010,75.6,MEX
Mexico,2009,75.7,MEX
Mexico,2008,75.6,MEX
Mexico,2007,76,MEX
Mexico,2006,75.8,MEX
Mexico,2005,75.3,MEX
Mexico,2004,75.4,MEX
Mexico,2003,75,MEX
Mexico,2002,75,MEX
Mexico,2001,75,MEX
Mexico,2000,74.8,MEX
Micronesia (Federated States of),2015,69.4,FSM
Micronesia (Federated States of),2014,69.4,FSM
Micronesia (Federated States of),2013,69.2,FSM
Micronesia (Federated States of),2012,69,FSM
Micronesia (Federated States of),2011,68.9,FSM
Micronesia (Federated States of),2010,68.7,FSM
Micronesia (Federated States of),2009,68.5,FSM
Micronesia (Federated States of),2008,68.4,FSM
Micronesia (Federated States of),2007,68.2,FSM
Micronesia (Federated States of),2006,68,FSM
Micronesia (Federated States of),2005,67.9,FSM
Micronesia (Federated States of),2004,67.7,FSM
Micronesia (Federated States of),2003,67.5,FSM
Micronesia (Federated States of),2002,66.2,FSM
Micronesia (Federated States of),2001,67.2,FSM
Micronesia (Federated States of),2000,67,FSM
Monaco,2013,null,MCO
Mongolia,2015,68.8,MNG
Mongolia,2014,68.4,MNG
Mongolia,2013,68.1,MNG
Mongolia,2012,67.8,MNG
Mongolia,2011,67.3,MNG
Mongolia,2010,66.3,MNG
Mongolia,2009,66.9,MNG
Mongolia,2008,67.4,MNG
Mongolia,2007,65.9,MNG
Mongolia,2006,65,MNG
Mongolia,2005,64.5,MNG
Mongolia,2004,64,MNG
Mongolia,2003,64,MNG
Mongolia,2002,63.8,MNG
Mongolia,2001,63.2,MNG
Mongolia,2000,62.8,MNG
Montenegro,2015,76.1,MNE
Montenegro,2014,75.9,MNE
Montenegro,2013,75.8,MNE
Montenegro,2012,75.6,MNE
Montenegro,2011,75.4,MNE
Montenegro,2010,75.3,MNE
Montenegro,2009,75,MNE
Montenegro,2008,74.6,MNE
Montenegro,2007,74.2,MNE
Montenegro,2006,73.8,MNE
Montenegro,2005,73.6,MNE
Montenegro,2004,73.5,MNE
Montenegro,2003,73.5,MNE
Montenegro,2002,73.4,MNE
Montenegro,2001,73.3,MNE
Montenegro,2000,73,MNE
Morocco,2015,74.3,MAR
Morocco,2014,74.1,MAR
Morocco,2013,73.9,MAR
Morocco,2012,73.6,MAR
Morocco,2011,73.3,MAR
Morocco,2010,72.8,MAR
Morocco,2009,72.3,MAR
Morocco,2008,71.8,MAR
Morocco,2007,71.4,MAR
Morocco,2006,71,MAR
Morocco,2005,77,MAR
Morocco,2004,72,MAR
Morocco,2003,69.9,MAR
Morocco,2002,69.5,MAR
Morocco,2001,69,MAR
Morocco,2000,68.6,MAR
Mozambique,2015,57.6,MOZ
Mozambique,2014,56.7,MOZ
Mozambique,2013,55.3,MOZ
Mozambique,2012,54.8,MOZ
Mozambique,2011,54.3,MOZ
Mozambique,2010,54,MOZ
Mozambique,2009,53.8,MOZ
Mozambique,2008,53.2,MOZ
Mozambique,2007,52.1,MOZ
Mozambique,2006,51.2,MOZ
Mozambique,2005,58,MOZ
Mozambique,2004,54,MOZ
Mozambique,2003,51,MOZ
Mozambique,2002,49.8,MOZ
Mozambique,2001,49.5,MOZ
Mozambique,2000,49,MOZ
Myanmar,2015,66.6,MMR
Myanmar,2014,66.4,MMR
Myanmar,2013,66.2,MMR
Myanmar,2012,65.9,MMR
Myanmar,2011,65.6,MMR
Myanmar,2010,65.4,MMR
Myanmar,2009,65.2,MMR
Myanmar,2008,59.2,MMR
Myanmar,2007,64.5,MMR
Myanmar,2006,64.2,MMR
Myanmar,2005,63.9,MMR
Myanmar,2004,63.5,MMR
Myanmar,2003,63.2,MMR
Myanmar,2002,62.8,MMR
Myanmar,2001,62.5,MMR
Myanmar,2000,62.1,MMR
Namibia,2015,65.8,NAM
Namibia,2015,65.8,NAM
Namibia,2015,65.8,NAM
Namibia,2014,65.9,NAM
Namibia,2014,65.9,NAM
Namibia,2014,65.9,NAM
Namibia,2013,66.1,NAM
Namibia,2013,66.1,NAM
Namibia,2013,66.1,NAM
Namibia,2012,65.8,NAM
Namibia,2012,65.8,NAM
Namibia,2012,65.8,NAM
Namibia,2011,64.3,NAM
Namibia,2011,64.3,NAM
Namibia,2011,64.3,NAM
Namibia,2010,63,NAM
Namibia,2010,63,NAM
Namibia,2010,63,NAM
Namibia,2009,62.4,NAM
Namibia,2009,62.4,NAM
Namibia,2009,62.4,NAM
Namibia,2008,61.7,NAM
Namibia,2008,61.7,NAM
Namibia,2008,61.7,NAM
Namibia,2007,60,NAM
Namibia,2007,60,NAM
Namibia,2007,60,NAM
Namibia,2006,57,NAM
Namibia,2006,57,NAM
Namibia,2006,57,NAM
Namibia,2005,55.1,NAM
Namibia,2005,55.1,NAM
Namibia,2005,55.1,NAM
Namibia,2004,54.7,NAM
Namibia,2004,54.7,NAM
Namibia,2004,54.7,NAM
Namibia,2003,55,NAM
Namibia,2003,55,NAM
Namibia,2003,55,NAM
Namibia,2002,55.7,NAM
Namibia,2002,55.7,NAM
Namibia,2002,55.7,NAM
Namibia,2001,56.5,NAM
Namibia,2001,56.5,NAM
Namibia,2001,56.5,NAM
Namibia,2000,57.4,NAM
Namibia,2000,57.4,NAM
Namibia,2000,57.4,NAM
Nauru,2013,null,NRU
Nepal,2015,69.2,NPL
Nepal,2014,69.6,NPL
Nepal,2013,69.3,NPL
Nepal,2012,68.9,NPL
Nepal,2011,68.4,NPL
Nepal,2010,68,NPL
Nepal,2009,67.5,NPL
Nepal,2008,67,NPL
Nepal,2007,66.6,NPL
Nepal,2006,66,NPL
Nepal,2005,65.4,NPL
Nepal,2004,64.7,NPL
Nepal,2003,64.3,NPL
Nepal,2002,63.1,NPL
Nepal,2001,63.2,NPL
Nepal,2000,62.5,NPL
Netherlands,2015,81.9,NLD
Netherlands,2014,81.7,NLD
Netherlands,2013,81.4,NLD
Netherlands,2012,81.1,NLD
Netherlands,2011,81.1,NLD
Netherlands,2010,88,NLD
Netherlands,2009,86,NLD
Netherlands,2008,83,NLD
Netherlands,2007,82,NLD
Netherlands,2006,79.8,NLD
Netherlands,2005,79.4,NLD
Netherlands,2004,79.2,NLD
Netherlands,2003,78.7,NLD
Netherlands,2002,78.4,NLD
Netherlands,2001,78.3,NLD
Netherlands,2000,78.1,NLD
New Zealand,2015,81.6,NZL
New Zealand,2014,81.5,NZL
New Zealand,2013,81.3,NZL
New Zealand,2012,81.1,NZL
New Zealand,2011,86,NZL
New Zealand,2010,89,NZL
New Zealand,2009,85,NZL
New Zealand,2008,81,NZL
New Zealand,2007,81,NZL
New Zealand,2006,79.9,NZL
New Zealand,2005,79.9,NZL
New Zealand,2004,79.2,NZL
New Zealand,2003,79.1,NZL
New Zealand,2002,78.7,NZL
New Zealand,2001,78.5,NZL
New Zealand,2000,78.6,NZL
Nicaragua,2015,74.8,NIC
Nicaragua,2014,74.5,NIC
Nicaragua,2013,73.9,NIC
Nicaragua,2012,73.9,NIC
Nicaragua,2011,74.5,NIC
Nicaragua,2010,73.2,NIC
Nicaragua,2009,73.2,NIC
Nicaragua,2008,72.5,NIC
Nicaragua,2007,72.5,NIC
Nicaragua,2006,73,NIC
Nicaragua,2005,71.2,NIC
Nicaragua,2004,71,NIC
Nicaragua,2003,76,NIC
Nicaragua,2002,75,NIC
Nicaragua,2001,73,NIC
Nicaragua,2000,73,NIC
Niger,2015,61.8,NER
Niger,2014,61.4,NER
Niger,2013,69,NER
Niger,2012,63,NER
Niger,2011,59.4,NER
Niger,2010,58.2,NER
Niger,2009,57.1,NER
Niger,2008,56,NER
Niger,2007,55.2,NER
Niger,2006,54.5,NER
Niger,2005,53.7,NER
Niger,2004,52.9,NER
Niger,2003,52.1,NER
Niger,2002,51.4,NER
Niger,2001,56,NER
Niger,2000,50,NER
Nigeria,2015,54.5,NGA
Nigeria,2015,54.5,NGA
Nigeria,2015,54.5,NGA
Nigeria,2015,54.5,NGA
Nigeria,2014,53.6,NGA
Nigeria,2014,53.6,NGA
Nigeria,2014,53.6,NGA
Nigeria,2014,53.6,NGA
Nigeria,2013,53.2,NGA
Nigeria,2013,53.2,NGA
Nigeria,2013,53.2,NGA
Nigeria,2013,53.2,NGA
Nigeria,2012,52.7,NGA
Nigeria,2012,52.7,NGA
Nigeria,2012,52.7,NGA
Nigeria,2012,52.7,NGA
Nigeria,2011,52.3,NGA
Nigeria,2011,52.3,NGA
Nigeria,2011,52.3,NGA
Nigeria,2011,52.3,NGA
Nigeria,2010,52,NGA
Nigeria,2010,52,NGA
Nigeria,2010,52,NGA
Nigeria,2010,52,NGA
Nigeria,2009,51.6,NGA
Nigeria,2009,51.6,NGA
Nigeria,2009,51.6,NGA
Nigeria,2009,51.6,NGA
Nigeria,2008,59,NGA
Nigeria,2008,59,NGA
Nigeria,2008,59,NGA
Nigeria,2008,59,NGA
Nigeria,2007,55,NGA
Nigeria,2007,55,NGA
Nigeria,2007,55,NGA
Nigeria,2007,55,NGA
Nigeria,2006,49.8,NGA
Nigeria,2006,49.8,NGA
Nigeria,2006,49.8,NGA
Nigeria,2006,49.8,NGA
Nigeria,2005,49.2,NGA
Nigeria,2005,49.2,NGA
Nigeria,2005,49.2,NGA
Nigeria,2005,49.2,NGA
Nigeria,2004,48.5,NGA
Nigeria,2004,48.5,NGA
Nigeria,2004,48.5,NGA
Nigeria,2004,48.5,NGA
Nigeria,2003,48.1,NGA
Nigeria,2003,48.1,NGA
Nigeria,2003,48.1,NGA
Nigeria,2003,48.1,NGA
Nigeria,2002,47.7,NGA
Nigeria,2002,47.7,NGA
Nigeria,2002,47.7,NGA
Nigeria,2002,47.7,NGA
Nigeria,2001,47.4,NGA
Nigeria,2001,47.4,NGA
Nigeria,2001,47.4,NGA
Nigeria,2001,47.4,NGA
Nigeria,2000,47.1,NGA
Nigeria,2000,47.1,NGA
Nigeria,2000,47.1,NGA
Nigeria,2000,47.1,NGA
Niue,2013,null,NIU
Norway,2015,81.8,NOR
Norway,2014,81.6,NOR
Norway,2013,81.5,NOR
Norway,2012,81.3,NOR
Norway,2011,81.1,NOR
Norway,2010,81,NOR
Norway,2009,89,NOR
Norway,2008,86,NOR
Norway,2007,85,NOR
Norway,2006,84,NOR
Norway,2005,81,NOR
Norway,2004,79.8,NOR
Norway,2003,79.4,NOR
Norway,2002,78.9,NOR
Norway,2001,78.8,NOR
Norway,2000,78.5,NOR
Oman,2015,76.6,OMN
Oman,2014,76.4,OMN
Oman,2013,76.2,OMN
Oman,2012,76,OMN
Oman,2011,75.8,OMN
Oman,2010,75.6,OMN
Oman,2009,75.4,OMN
Oman,2008,75.2,OMN
Oman,2007,74.9,OMN
Oman,2006,74.7,OMN
Oman,2005,74.3,OMN
Oman,2004,74,OMN
Oman,2003,73.6,OMN
Oman,2002,73.3,OMN
Oman,2001,72.9,OMN
Oman,2000,72.6,OMN
Pakistan,2015,66.4,PAK
Pakistan,2014,66.2,PAK
Pakistan,2013,66,PAK
Pakistan,2012,65.7,PAK
Pakistan,2011,65.5,PAK
Pakistan,2010,65.1,PAK
Pakistan,2009,64.8,PAK
Pakistan,2008,64.6,PAK
Pakistan,2007,64.4,PAK
Pakistan,2006,64.2,PAK
Pakistan,2005,62.9,PAK
Pakistan,2004,63.7,PAK
Pakistan,2003,63.5,PAK
Pakistan,2002,63.2,PAK
Pakistan,2001,63,PAK
Pakistan,2000,62.8,PAK
Palau,2013,null,PLW
Panama,2015,77.8,PAN
Panama,2015,77.8,PAN
Panama,2014,77.6,PAN
Panama,2014,77.6,PAN
Panama,2013,77.5,PAN
Panama,2013,77.5,PAN
Panama,2012,77.2,PAN
Panama,2012,77.2,PAN
Panama,2011,77.3,PAN
Panama,2011,77.3,PAN
Panama,2010,76.5,PAN
Panama,2010,76.5,PAN
Panama,2009,76.8,PAN
Panama,2009,76.8,PAN
Panama,2008,76.5,PAN
Panama,2008,76.5,PAN
Panama,2007,76.4,PAN
Panama,2007,76.4,PAN
Panama,2006,76.2,PAN
Panama,2006,76.2,PAN
Panama,2005,75.8,PAN
Panama,2005,75.8,PAN
Panama,2004,75.8,PAN
Panama,2004,75.8,PAN
Panama,2003,75.5,PAN
Panama,2003,75.5,PAN
Panama,2002,75.7,PAN
Panama,2002,75.7,PAN
Panama,2001,75.5,PAN
Panama,2001,75.5,PAN
Panama,2000,75.7,PAN
Panama,2000,75.7,PAN
Papua New Guinea,2015,62.9,PNG
Papua New Guinea,2014,62.7,PNG
Papua New Guinea,2013,62.4,PNG
Papua New Guinea,2012,62.2,PNG
Papua New Guinea,2011,62,PNG
Papua New Guinea,2010,61.8,PNG
Papua New Guinea,2009,61.6,PNG
Papua New Guinea,2008,61.4,PNG
Papua New Guinea,2007,61.1,PNG
Papua New Guinea,2006,68,PNG
Papua New Guinea,2005,64,PNG
Papua New Guinea,2004,59.9,PNG
Papua New Guinea,2003,59.6,PNG
Papua New Guinea,2002,59.3,PNG
Papua New Guinea,2001,59.1,PNG
Papua New Guinea,2000,58.9,PNG
Paraguay,2015,74,PRY
Paraguay,2014,73.9,PRY
Paraguay,2013,73.8,PRY
Paraguay,2012,73.6,PRY
Paraguay,2011,73.4,PRY
Paraguay,2010,73.2,PRY
Paraguay,2009,73,PRY
Paraguay,2008,72.7,PRY
Paraguay,2007,72.5,PRY
Paraguay,2006,72.3,PRY
Paraguay,2005,72.1,PRY
Paraguay,2004,71.9,PRY
Paraguay,2003,71.7,PRY
Paraguay,2002,71.5,PRY
Paraguay,2001,71.2,PRY
Paraguay,2000,79,PRY
Peru,2015,75.5,PER
Peru,2014,75.3,PER
Peru,2013,75.3,PER
Peru,2012,74.9,PER
Peru,2011,74.5,PER
Peru,2010,73.7,PER
Peru,2009,73.8,PER
Peru,2008,73.9,PER
Peru,2007,74,PER
Peru,2006,74.2,PER
Peru,2005,72.8,PER
Peru,2004,72.2,PER
Peru,2003,72.1,PER
Peru,2002,72.6,PER
Peru,2001,72.4,PER
Peru,2000,71.4,PER
Philippines,2015,68.5,PHL
Philippines,2014,68.4,PHL
Philippines,2013,68.1,PHL
Philippines,2012,68.1,PHL
Philippines,2011,68,PHL
Philippines,2010,67.9,PHL
Philippines,2009,68,PHL
Philippines,2008,67.5,PHL
Philippines,2007,67.5,PHL
Philippines,2006,67.3,PHL
Philippines,2005,67,PHL
Philippines,2004,67.3,PHL
Philippines,2003,67.2,PHL
Philippines,2002,66.8,PHL
Philippines,2001,66.8,PHL
Philippines,2000,66.8,PHL
Poland,2015,77.5,POL
Poland,2014,77.3,POL
Poland,2013,77.1,POL
Poland,2012,76.8,POL
Poland,2011,76.7,POL
Poland,2010,76.3,POL
Poland,2009,75.7,POL
Poland,2008,75.5,POL
Poland,2007,75.3,POL
Poland,2006,75.2,POL
Poland,2005,75,POL
Poland,2004,74.9,POL
Poland,2003,74.7,POL
Poland,2002,74.5,POL
Poland,2001,74.2,POL
Poland,2000,73.7,POL
Portugal,2015,81.1,PRT
Portugal,2014,89,PRT
Portugal,2013,86,PRT
Portugal,2012,83,PRT
Portugal,2011,82,PRT
Portugal,2010,79.6,PRT
Portugal,2009,79.3,PRT
Portugal,2008,79,PRT
Portugal,2007,78.7,PRT
Portugal,2006,78.5,PRT
Portugal,2005,77.7,PRT
Portugal,2004,78,PRT
Portugal,2003,77.3,PRT
Portugal,2002,77.2,PRT
Portugal,2001,76.9,PRT
Portugal,2000,76.6,PRT
Qatar,2015,78.2,QAT
Qatar,2014,78.1,QAT
Qatar,2013,77.9,QAT
Qatar,2012,77.8,QAT
Qatar,2011,77.5,QAT
Qatar,2010,77.3,QAT
Qatar,2009,77,QAT
Qatar,2008,76.8,QAT
Qatar,2007,76.7,QAT
Qatar,2006,76.6,QAT
Qatar,2005,76.6,QAT
Qatar,2004,76.6,QAT
Qatar,2003,76.5,QAT
Qatar,2002,76.4,QAT
Qatar,2001,76.3,QAT
Qatar,2000,76.2,QAT
Republic of Korea,2015,82.3,null
Republic of Korea,2014,82,null
Republic of Korea,2013,81.7,null
Republic of Korea,2012,81.2,null
Republic of Korea,2011,81.1,null
Republic of Korea,2010,87,null
Republic of Korea,2009,86,null
Republic of Korea,2008,83,null
Republic of Korea,2007,79.8,null
Republic of Korea,2006,79.4,null
Republic of Korea,2005,78.7,null
Republic of Korea,2004,78.2,null
Republic of Korea,2003,77.6,null
Republic of Korea,2002,77.1,null
Republic of Korea,2001,76.7,null
Republic of Korea,2000,76,null
Republic of Moldova,2015,72.1,null
Republic of Moldova,2014,71.8,null
Republic of Moldova,2013,71.7,null
Republic of Moldova,2012,79,null
Republic of Moldova,2011,77,null
Republic of Moldova,2010,68.8,null
Republic of Moldova,2009,69,null
Republic of Moldova,2008,68.9,null
Republic of Moldova,2007,68.3,null
Republic of Moldova,2006,68,null
Republic of Moldova,2005,67.3,null
Republic of Moldova,2004,68,null
Republic of Moldova,2003,67.6,null
Republic of Moldova,2002,67.5,null
Republic of Moldova,2001,67.6,null
Republic of Moldova,2000,67.1,null
Romania,2015,75,ROU
Romania,2015,75,ROU
Romania,2014,74.8,ROU
Romania,2014,74.8,ROU
Romania,2013,74.6,ROU
Romania,2013,74.6,ROU
Romania,2012,74.4,ROU
Romania,2012,74.4,ROU
Romania,2011,74.3,ROU
Romania,2011,74.3,ROU
Romania,2010,73.4,ROU
Romania,2010,73.4,ROU
Romania,2009,73.1,ROU
Romania,2009,73.1,ROU
Romania,2008,73.1,ROU
Romania,2008,73.1,ROU
Romania,2007,72.9,ROU
Romania,2007,72.9,ROU
Romania,2006,72.5,ROU
Romania,2006,72.5,ROU
Romania,2005,71.9,ROU
Romania,2005,71.9,ROU
Romania,2004,71.7,ROU
Romania,2004,71.7,ROU
Romania,2003,71.1,ROU
Romania,2003,71.1,ROU
Romania,2002,77,ROU
Romania,2002,77,ROU
Romania,2001,78,ROU
Romania,2001,78,ROU
Romania,2000,77,ROU
Romania,2000,77,ROU
Russian Federation,2015,75,RUS
Russian Federation,2014,73,RUS
Russian Federation,2013,70,RUS
Russian Federation,2012,69.6,RUS
Russian Federation,2011,69.4,RUS
Russian Federation,2010,68.4,RUS
Russian Federation,2009,68.2,RUS
Russian Federation,2008,67.5,RUS
Russian Federation,2007,67.3,RUS
Russian Federation,2006,66.4,RUS
Russian Federation,2005,65,RUS
Russian Federation,2004,64.9,RUS
Russian Federation,2003,64.6,RUS
Russian Federation,2002,64.8,RUS
Russian Federation,2001,65.1,RUS
Russian Federation,2000,65,RUS
Rwanda,2015,66.1,RWA
Rwanda,2015,66.1,RWA
Rwanda,2014,65.7,RWA
Rwanda,2014,65.7,RWA
Rwanda,2013,65.2,RWA
Rwanda,2013,65.2,RWA
Rwanda,2012,64.6,RWA
Rwanda,2012,64.6,RWA
Rwanda,2011,63.8,RWA
Rwanda,2011,63.8,RWA
Rwanda,2010,62.8,RWA
Rwanda,2010,62.8,RWA
Rwanda,2009,61,RWA
Rwanda,2009,61,RWA
Rwanda,2008,68,RWA
Rwanda,2008,68,RWA
Rwanda,2007,59.6,RWA
Rwanda,2007,59.6,RWA
Rwanda,2006,57.6,RWA
Rwanda,2006,57.6,RWA
Rwanda,2005,55.3,RWA
Rwanda,2005,55.3,RWA
Rwanda,2004,53.4,RWA
Rwanda,2004,53.4,RWA
Rwanda,2003,52,RWA
Rwanda,2003,52,RWA
Rwanda,2002,57,RWA
Rwanda,2002,57,RWA
Rwanda,2001,48.6,RWA
Rwanda,2001,48.6,RWA
Rwanda,2000,48.3,RWA
Rwanda,2000,48.3,RWA
Saint Kitts and Nevis,2013,null,KNA
Saint Lucia,2015,75.2,LCA
Saint Lucia,2014,75,LCA
Saint Lucia,2013,74.8,LCA
Saint Lucia,2012,74.7,LCA
Saint Lucia,2011,74.6,LCA
Saint Lucia,2010,74.2,LCA
Saint Lucia,2009,74.3,LCA
Saint Lucia,2008,74.1,LCA
Saint Lucia,2007,73.9,LCA
Saint Lucia,2006,73.5,LCA
Saint Lucia,2005,73.1,LCA
Saint Lucia,2004,72.6,LCA
Saint Lucia,2003,72.2,LCA
Saint Lucia,2002,72,LCA
Saint Lucia,2001,71.8,LCA
Saint Lucia,2000,71.6,LCA
Saint Vincent and the Grenadines,2015,73.2,VCT
Saint Vincent and the Grenadines,2014,73.1,VCT
Saint Vincent and the Grenadines,2013,72.7,VCT
Saint Vincent and the Grenadines,2012,72.8,VCT
Saint Vincent and the Grenadines,2011,72.7,VCT
Saint Vincent and the Grenadines,2010,72.5,VCT
Saint Vincent and the Grenadines,2009,72.3,VCT
Saint Vincent and the Grenadines,2008,72.1,VCT
Saint Vincent and the Grenadines,2007,71.9,VCT
Saint Vincent and the Grenadines,2006,71.7,VCT
Saint Vincent and the Grenadines,2005,71.4,VCT
Saint Vincent and the Grenadines,2004,71.2,VCT
Saint Vincent and the Grenadines,2003,71,VCT
Saint Vincent and the Grenadines,2002,79,VCT
Saint Vincent and the Grenadines,2001,79,VCT
Saint Vincent and the Grenadines,2000,79,VCT
Samoa,2015,74,WSM
Samoa,2014,73.8,WSM
Samoa,2013,73.6,WSM
Samoa,2012,73.2,WSM
Samoa,2011,73,WSM
Samoa,2010,72.6,WSM
Samoa,2009,76,WSM
Samoa,2008,72.5,WSM
Samoa,2007,72.2,WSM
Samoa,2006,72,WSM
Samoa,2005,71.6,WSM
Samoa,2004,71.4,WSM
Samoa,2003,79,WSM
Samoa,2002,76,WSM
Samoa,2001,75,WSM
Samoa,2000,72,WSM
San Marino,2013,null,SMR
Sao Tome and Principe,2015,67.5,STP
Sao Tome and Principe,2014,67.3,STP
Sao Tome and Principe,2013,67.1,STP
Sao Tome and Principe,2012,66.9,STP
Sao Tome and Principe,2011,66.6,STP
Sao Tome and Principe,2010,66.2,STP
Sao Tome and Principe,2009,65.8,STP
Sao Tome and Principe,2008,65.4,STP
Sao Tome and Principe,2007,65.1,STP
Sao Tome and Principe,2006,64.7,STP
Sao Tome and Principe,2005,64.3,STP
Sao Tome and Principe,2004,63.8,STP
Sao Tome and Principe,2003,63.4,STP
Sao Tome and Principe,2002,63.1,STP
Sao Tome and Principe,2001,62.8,STP
Sao Tome and Principe,2000,62.6,STP
Saudi Arabia,2015,74.5,SAU
Saudi Arabia,2014,74.4,SAU
Saudi Arabia,2013,74.3,SAU
Saudi Arabia,2012,74.1,SAU
Saudi Arabia,2011,73.9,SAU
Saudi Arabia,2010,73.7,SAU
Saudi Arabia,2009,73.4,SAU
Saudi Arabia,2008,73.3,SAU
Saudi Arabia,2007,73.2,SAU
Saudi Arabia,2006,73.2,SAU
Saudi Arabia,2005,73.1,SAU
Saudi Arabia,2004,73.1,SAU
Saudi Arabia,2003,73,SAU
Saudi Arabia,2002,72.9,SAU
Saudi Arabia,2001,72.8,SAU
Saudi Arabia,2000,72.6,SAU
Senegal,2015,66.7,SEN
Senegal,2014,66.4,SEN
Senegal,2013,66,SEN
Senegal,2012,65.6,SEN
Senegal,2011,64.9,SEN
Senegal,2010,64.3,SEN
Senegal,2009,63.5,SEN
Senegal,2008,62.8,SEN
Senegal,2007,62.1,SEN
Senegal,2006,61.3,SEN
Senegal,2005,65,SEN
Senegal,2004,59.7,SEN
Senegal,2003,59,SEN
Senegal,2002,58.4,SEN
Senegal,2001,57.9,SEN
Senegal,2000,57.5,SEN
Serbia,2015,75.6,SRB
Serbia,2015,75.6,SRB
Serbia,2014,75.4,SRB
Serbia,2014,75.4,SRB
Serbia,2013,75.3,SRB
Serbia,2013,75.3,SRB
Serbia,2012,74.9,SRB
Serbia,2012,74.9,SRB
Serbia,2011,74.6,SRB
Serbia,2011,74.6,SRB
Serbia,2010,74.4,SRB
Serbia,2010,74.4,SRB
Serbia,2009,74.1,SRB
Serbia,2009,74.1,SRB
Serbia,2008,74,SRB
Serbia,2008,74,SRB
Serbia,2007,73.8,SRB
Serbia,2007,73.8,SRB
Serbia,2006,73.6,SRB
Serbia,2006,73.6,SRB
Serbia,2005,73,SRB
Serbia,2005,73,SRB
Serbia,2004,73,SRB
Serbia,2004,73,SRB
Serbia,2003,73,SRB
Serbia,2003,73,SRB
Serbia,2002,72.9,SRB
Serbia,2002,72.9,SRB
Serbia,2001,73.1,SRB
Serbia,2001,73.1,SRB
Serbia,2000,72.6,SRB
Serbia,2000,72.6,SRB
Seychelles,2015,73.2,SYC
Seychelles,2014,73,SYC
Seychelles,2013,72.9,SYC
Seychelles,2012,72.7,SYC
Seychelles,2011,72.6,SYC
Seychelles,2010,72.4,SYC
Seychelles,2009,72.3,SYC
Seychelles,2008,72.2,SYC
Seychelles,2007,72.2,SYC
Seychelles,2006,72.2,SYC
Seychelles,2005,72.2,SYC
Seychelles,2004,72.1,SYC
Seychelles,2003,72.1,SYC
Seychelles,2002,72.1,SYC
Seychelles,2001,72,SYC
Seychelles,2000,71.8,SYC
Sierra Leone,2015,51,SLE
Sierra Leone,2014,48.1,SLE
Sierra Leone,2013,54,SLE
Sierra Leone,2012,49.7,SLE
Sierra Leone,2011,48.9,SLE
Sierra Leone,2010,48.1,SLE
Sierra Leone,2009,47.1,SLE
Sierra Leone,2008,46.2,SLE
Sierra Leone,2007,45.3,SLE
Sierra Leone,2006,44.3,SLE
Sierra Leone,2005,43.3,SLE
Sierra Leone,2004,42.3,SLE
Sierra Leone,2003,41.5,SLE
Sierra Leone,2002,48,SLE
Sierra Leone,2001,41,SLE
Sierra Leone,2000,39,SLE
Singapore,2015,83.1,SGP
Singapore,2014,82.9,SGP
Singapore,2013,82.7,SGP
Singapore,2012,82.5,SGP
Singapore,2011,82.2,SGP
Singapore,2010,82,SGP
Singapore,2009,81.7,SGP
Singapore,2008,81.4,SGP
Singapore,2007,81.1,SGP
Singapore,2006,87,SGP
Singapore,2005,82,SGP
Singapore,2004,79.7,SGP
Singapore,2003,79.3,SGP
Singapore,2002,79,SGP
Singapore,2001,78.7,SGP
Singapore,2000,78.3,SGP
Slovakia,2015,76.7,SVK
Slovakia,2015,76.7,SVK
Slovakia,2014,76.4,SVK
Slovakia,2014,76.4,SVK
Slovakia,2013,76.1,SVK
Slovakia,2013,76.1,SVK
Slovakia,2012,75.8,SVK
Slovakia,2012,75.8,SVK
Slovakia,2011,75.6,SVK
Slovakia,2011,75.6,SVK
Slovakia,2010,75.1,SVK
Slovakia,2010,75.1,SVK
Slovakia,2009,75,SVK
Slovakia,2009,75,SVK
Slovakia,2008,74.7,SVK
Slovakia,2008,74.7,SVK
Slovakia,2007,74.4,SVK
Slovakia,2007,74.4,SVK
Slovakia,2006,74.3,SVK
Slovakia,2006,74.3,SVK
Slovakia,2005,74,SVK
Slovakia,2005,74,SVK
Slovakia,2004,74.1,SVK
Slovakia,2004,74.1,SVK
Slovakia,2003,73.8,SVK
Slovakia,2003,73.8,SVK
Slovakia,2002,73.7,SVK
Slovakia,2002,73.7,SVK
Slovakia,2001,73.3,SVK
Slovakia,2001,73.3,SVK
Slovakia,2000,73,SVK
Slovakia,2000,73,SVK
Slovenia,2015,88,SVN
Slovenia,2015,88,SVN
Slovenia,2014,87,SVN
Slovenia,2014,87,SVN
Slovenia,2013,85,SVN
Slovenia,2013,85,SVN
Slovenia,2012,82,SVN
Slovenia,2012,82,SVN
Slovenia,2011,79.8,SVN
Slovenia,2011,79.8,SVN
Slovenia,2010,79.5,SVN
Slovenia,2010,79.5,SVN
Slovenia,2009,79.1,SVN
Slovenia,2009,79.1,SVN
Slovenia,2008,78.9,SVN
Slovenia,2008,78.9,SVN
Slovenia,2007,78.3,SVN
Slovenia,2007,78.3,SVN
Slovenia,2006,78.1,SVN
Slovenia,2006,78.1,SVN
Slovenia,2005,77.5,SVN
Slovenia,2005,77.5,SVN
Slovenia,2004,77.2,SVN
Slovenia,2004,77.2,SVN
Slovenia,2003,76.5,SVN
Slovenia,2003,76.5,SVN
Slovenia,2002,76.6,SVN
Slovenia,2002,76.6,SVN
Slovenia,2001,76.2,SVN
Slovenia,2001,76.2,SVN
Slovenia,2000,76,SVN
Slovenia,2000,76,SVN
Solomon Islands,2015,69.2,SLB
Solomon Islands,2014,68.8,SLB
Solomon Islands,2013,68.8,SLB
Solomon Islands,2012,68.7,SLB
Solomon Islands,2011,68.5,SLB
Solomon Islands,2010,68.3,SLB
Solomon Islands,2009,68.1,SLB
Solomon Islands,2008,68,SLB
Solomon Islands,2007,67.6,SLB
Solomon Islands,2006,67.6,SLB
Solomon Islands,2005,67.4,SLB
Solomon Islands,2004,67.1,SLB
Solomon Islands,2003,66.8,SLB
Solomon Islands,2002,66.5,SLB
Solomon Islands,2001,66.2,SLB
Solomon Islands,2000,65.8,SLB
Somalia,2015,55,SOM
Somalia,2015,55,SOM
Somalia,2014,54.3,SOM
Somalia,2014,54.3,SOM
Somalia,2013,54.2,SOM
Somalia,2013,54.2,SOM
Somalia,2012,53.1,SOM
Somalia,2012,53.1,SOM
Somalia,2011,53.1,SOM
Somalia,2011,53.1,SOM
Somalia,2010,52.4,SOM
Somalia,2010,52.4,SOM
Somalia,2009,52.2,SOM
Somalia,2009,52.2,SOM
Somalia,2008,51.9,SOM
Somalia,2008,51.9,SOM
Somalia,2007,51.5,SOM
Somalia,2007,51.5,SOM
Somalia,2006,51.5,SOM
Somalia,2006,51.5,SOM
Somalia,2005,51.6,SOM
Somalia,2005,51.6,SOM
Somalia,2004,51.2,SOM
Somalia,2004,51.2,SOM
Somalia,2003,51.1,SOM
Somalia,2003,51.1,SOM
Somalia,2002,58,SOM
Somalia,2002,58,SOM
Somalia,2001,57,SOM
Somalia,2001,57,SOM
Somalia,2000,55,SOM
Somalia,2000,55,SOM
South Africa,2015,62.9,ZAF
South Africa,2014,62,ZAF
South Africa,2013,69,ZAF
South Africa,2012,59.2,ZAF
South Africa,2011,58.9,ZAF
South Africa,2010,58,ZAF
South Africa,2009,56.5,ZAF
South Africa,2008,55.3,ZAF
South Africa,2007,54.5,ZAF
South Africa,2006,54,ZAF
South Africa,2005,53.8,ZAF
South Africa,2004,53.7,ZAF
South Africa,2003,54,ZAF
South Africa,2002,54.9,ZAF
South Africa,2001,56,ZAF
South Africa,2000,57.3,ZAF
South Sudan,2015,57.3,SSD
South Sudan,2014,56.6,SSD
South Sudan,2013,56.4,SSD
South Sudan,2012,56,SSD
South Sudan,2011,55.4,SSD
South Sudan,2010,55,SSD
South Sudan,2009,54.3,SSD
South Sudan,2008,53.6,SSD
South Sudan,2007,53.1,SSD
South Sudan,2006,52.5,SSD
South Sudan,2005,51.9,SSD
South Sudan,2004,51.4,SSD
South Sudan,2003,58,SSD
South Sudan,2002,52,SSD
South Sudan,2001,49.6,SSD
South Sudan,2000,48.9,SSD
Spain,2015,82.8,ESP
Spain,2014,82.6,ESP
Spain,2013,82.4,ESP
Spain,2012,82,ESP
Spain,2011,82.1,ESP
Spain,2010,81.9,ESP
Spain,2009,81.6,ESP
Spain,2008,81.3,ESP
Spain,2007,89,ESP
Spain,2006,88,ESP
Spain,2005,81,ESP
Spain,2004,81,ESP
Spain,2003,79.4,ESP
Spain,2002,79.5,ESP
Spain,2001,79.4,ESP
Spain,2000,79.1,ESP
Sri Lanka,2015,74.9,LKA
Sri Lanka,2014,74.7,LKA
Sri Lanka,2013,74.6,LKA
Sri Lanka,2012,74.5,LKA
Sri Lanka,2011,74.5,LKA
Sri Lanka,2010,74.5,LKA
Sri Lanka,2009,71.8,LKA
Sri Lanka,2008,72.3,LKA
Sri Lanka,2007,73.7,LKA
Sri Lanka,2006,73.8,LKA
Sri Lanka,2005,74.2,LKA
Sri Lanka,2004,69.1,LKA
Sri Lanka,2003,73.9,LKA
Sri Lanka,2002,73.7,LKA
Sri Lanka,2001,72.7,LKA
Sri Lanka,2000,71.5,LKA
Sudan,2015,64.1,SDN
Sudan,2014,63.8,SDN
Sudan,2013,63.5,SDN
Sudan,2012,63.2,SDN
Sudan,2011,62.7,SDN
Sudan,2010,62.5,SDN
Sudan,2009,62,SDN
Sudan,2008,61.8,SDN
Sudan,2007,61.4,SDN
Sudan,2006,61,SDN
Sudan,2005,67,SDN
Sudan,2004,59.7,SDN
Sudan,2003,59.6,SDN
Sudan,2002,59.4,SDN
Sudan,2001,58.9,SDN
Sudan,2000,58.6,SDN
Suriname,2015,71.6,SUR
Suriname,2014,71.4,SUR
Suriname,2013,71.2,SUR
Suriname,2012,71.3,SUR
Suriname,2011,76,SUR
Suriname,2010,73,SUR
Suriname,2009,70,SUR
Suriname,2008,69.8,SUR
Suriname,2007,69.5,SUR
Suriname,2006,69.3,SUR
Suriname,2005,68.9,SUR
Suriname,2004,68.3,SUR
Suriname,2003,68,SUR
Suriname,2002,67.9,SUR
Suriname,2001,67.7,SUR
Suriname,2000,67.4,SUR
Swaziland,2015,58.9,null
Swaziland,2015,58.9,null
Swaziland,2014,58.4,null
Swaziland,2014,58.4,null
Swaziland,2013,57.6,null
Swaziland,2013,57.6,null
Swaziland,2012,56.5,null
Swaziland,2012,56.5,null
Swaziland,2011,55,null
Swaziland,2011,55,null
Swaziland,2010,53.6,null
Swaziland,2010,53.6,null
Swaziland,2009,52.6,null
Swaziland,2009,52.6,null
Swaziland,2008,51.4,null
Swaziland,2008,51.4,null
Swaziland,2007,50,null
Swaziland,2007,50,null
Swaziland,2006,47.8,null
Swaziland,2006,47.8,null
Swaziland,2005,46,null
Swaziland,2005,46,null
Swaziland,2004,45.6,null
Swaziland,2004,45.6,null
Swaziland,2003,45.9,null
Swaziland,2003,45.9,null
Swaziland,2002,46.4,null
Swaziland,2002,46.4,null
Swaziland,2001,47.1,null
Swaziland,2001,47.1,null
Swaziland,2000,48.4,null
Swaziland,2000,48.4,null
Sweden,2015,82.4,SWE
Sweden,2014,82.3,SWE
Sweden,2013,81.9,SWE
Sweden,2012,81.7,SWE
Sweden,2011,81.7,SWE
Sweden,2010,81.5,SWE
Sweden,2009,81.4,SWE
Sweden,2008,81.1,SWE
Sweden,2007,89,SWE
Sweden,2006,88,SWE
Sweden,2005,85,SWE
Sweden,2004,83,SWE
Sweden,2003,82,SWE
Sweden,2002,79.9,SWE
Sweden,2001,79.8,SWE
Sweden,2000,79.6,SWE
Switzerland,2015,83.4,CHE
Switzerland,2014,83.2,CHE
Switzerland,2013,83,CHE
Switzerland,2012,82.7,CHE
Switzerland,2011,82.6,CHE
Switzerland,2010,82.3,CHE
Switzerland,2009,82.1,CHE
Switzerland,2008,82,CHE
Switzerland,2007,81.7,CHE
Switzerland,2006,81.5,CHE
Switzerland,2005,81.1,CHE
Switzerland,2004,81,CHE
Switzerland,2003,85,CHE
Switzerland,2002,84,CHE
Switzerland,2001,82,CHE
Switzerland,2000,79.7,CHE
Syrian Arab Republic,2015,64.5,SYR
Syrian Arab Republic,2014,64.4,SYR
Syrian Arab Republic,2013,63.6,SYR
Syrian Arab Republic,2012,62.8,SYR
Syrian Arab Republic,2011,71.7,SYR
Syrian Arab Republic,2010,73.7,SYR
Syrian Arab Republic,2009,73.8,SYR
Syrian Arab Republic,2008,73.8,SYR
Syrian Arab Republic,2007,73.8,SYR
Syrian Arab Republic,2006,73.7,SYR
Syrian Arab Republic,2005,73.5,SYR
Syrian Arab Republic,2004,73.2,SYR
Syrian Arab Republic,2003,73,SYR
Syrian Arab Republic,2002,72.8,SYR
Syrian Arab Republic,2001,72.7,SYR
Syrian Arab Republic,2000,72.6,SYR
Tajikistan,2015,69.7,TJK
Tajikistan,2015,69.7,TJK
Tajikistan,2014,69.6,TJK
Tajikistan,2014,69.6,TJK
Tajikistan,2013,69.3,TJK
Tajikistan,2013,69.3,TJK
Tajikistan,2012,68.8,TJK
Tajikistan,2012,68.8,TJK
Tajikistan,2011,68.1,TJK
Tajikistan,2011,68.1,TJK
Tajikistan,2010,67.3,TJK
Tajikistan,2010,67.3,TJK
Tajikistan,2009,66.7,TJK
Tajikistan,2009,66.7,TJK
Tajikistan,2008,66.4,TJK
Tajikistan,2008,66.4,TJK
Tajikistan,2007,66.1,TJK
Tajikistan,2007,66.1,TJK
Tajikistan,2006,65.9,TJK
Tajikistan,2006,65.9,TJK
Tajikistan,2005,65.5,TJK
Tajikistan,2005,65.5,TJK
Tajikistan,2004,65.9,TJK
Tajikistan,2004,65.9,TJK
Tajikistan,2003,65.2,TJK
Tajikistan,2003,65.2,TJK
Tajikistan,2002,64.3,TJK
Tajikistan,2002,64.3,TJK
Tajikistan,2001,64,TJK
Tajikistan,2001,64,TJK
Tajikistan,2000,63.7,TJK
Tajikistan,2000,63.7,TJK
Thailand,2015,74.9,THA
Thailand,2014,74.6,THA
Thailand,2013,74.5,THA
Thailand,2012,74.3,THA
Thailand,2011,74.1,THA
Thailand,2010,73.9,THA
Thailand,2009,73.7,THA
Thailand,2008,73.5,THA
Thailand,2007,73.3,THA
Thailand,2006,73,THA
Thailand,2005,72.5,THA
Thailand,2004,71.6,THA
Thailand,2003,71.7,THA
Thailand,2002,71.4,THA
Thailand,2001,71.2,THA
Thailand,2000,71.1,THA
The former Yugoslav republic of Macedonia,2015,75.7,null
The former Yugoslav republic of Macedonia,2014,75.5,null
The former Yugoslav republic of Macedonia,2013,75.3,null
The former Yugoslav republic of Macedonia,2012,75.1,null
The former Yugoslav republic of Macedonia,2011,74.9,null
The former Yugoslav republic of Macedonia,2010,74.7,null
The former Yugoslav republic of Macedonia,2009,74.4,null
The former Yugoslav republic of Macedonia,2008,74.2,null
The former Yugoslav republic of Macedonia,2007,73.5,null
The former Yugoslav republic of Macedonia,2006,73.7,null
The former Yugoslav republic of Macedonia,2005,73.6,null
The former Yugoslav republic of Macedonia,2004,73.5,null
The former Yugoslav republic of Macedonia,2003,73.2,null
The former Yugoslav republic of Macedonia,2002,72.8,null
The former Yugoslav republic of Macedonia,2001,73.1,null
The former Yugoslav republic of Macedonia,2000,72.6,null
Timor-Leste,2015,68.3,TLS
Timor-Leste,2014,68,TLS
Timor-Leste,2013,67.7,TLS
Timor-Leste,2012,67.4,TLS
Timor-Leste,2011,67.2,TLS
Timor-Leste,2010,66.9,TLS
Timor-Leste,2009,66.6,TLS
Timor-Leste,2008,66.2,TLS
Timor-Leste,2007,65.8,TLS
Timor-Leste,2006,64.9,TLS
Timor-Leste,2005,63.7,TLS
Timor-Leste,2004,62.3,TLS
Timor-Leste,2003,61,TLS
Timor-Leste,2002,62,TLS
Timor-Leste,2001,59.4,TLS
Timor-Leste,2000,58.7,TLS
Togo,2015,59.9,TGO
Togo,2014,59.7,TGO
Togo,2013,59.4,TGO
Togo,2012,58.9,TGO
Togo,2011,58.3,TGO
Togo,2010,57.4,TGO
Togo,2009,56.7,TGO
Togo,2008,56.2,TGO
Togo,2007,55.9,TGO
Togo,2006,55.7,TGO
Togo,2005,55,TGO
Togo,2004,54.9,TGO
Togo,2003,54.7,TGO
Togo,2002,54.7,TGO
Togo,2001,54.6,TGO
Togo,2000,54.6,TGO
Tonga,2015,73.5,TON
Tonga,2014,73.3,TON
Tonga,2013,73.2,TON
Tonga,2012,73,TON
Tonga,2011,72.9,TON
Tonga,2010,72.8,TON
Tonga,2009,72.5,TON
Tonga,2008,72.6,TON
Tonga,2007,72.5,TON
Tonga,2006,72.4,TON
Tonga,2005,72.3,TON
Tonga,2004,72.2,TON
Tonga,2003,72,TON
Tonga,2002,71.9,TON
Tonga,2001,71.8,TON
Tonga,2000,71.6,TON
Trinidad and Tobago,2015,71.2,TTO
Trinidad and Tobago,2014,71.1,TTO
Trinidad and Tobago,2013,71,TTO
Trinidad and Tobago,2012,78,TTO
Trinidad and Tobago,2011,76,TTO
Trinidad and Tobago,2010,74,TTO
Trinidad and Tobago,2009,71,TTO
Trinidad and Tobago,2008,69.9,TTO
Trinidad and Tobago,2007,69.7,TTO
Trinidad and Tobago,2006,69.6,TTO
Trinidad and Tobago,2005,69.5,TTO
Trinidad and Tobago,2004,69.4,TTO
Trinidad and Tobago,2003,69.3,TTO
Trinidad and Tobago,2002,69.2,TTO
Trinidad and Tobago,2001,69.1,TTO
Trinidad and Tobago,2000,69.1,TTO
Tunisia,2015,75.3,TUN
Tunisia,2014,75.1,TUN
Tunisia,2013,74.9,TUN
Tunisia,2012,74.9,TUN
Tunisia,2011,74.8,TUN
Tunisia,2010,74.8,TUN
Tunisia,2009,74.7,TUN
Tunisia,2008,74.7,TUN
Tunisia,2007,74.6,TUN
Tunisia,2006,74.4,TUN
Tunisia,2005,74.2,TUN
Tunisia,2004,74,TUN
Tunisia,2003,73.7,TUN
Tunisia,2002,73.5,TUN
Tunisia,2001,73.2,TUN
Tunisia,2000,72.9,TUN
Turkey,2015,75.8,TUR
Turkey,2014,75.5,TUR
Turkey,2013,75.2,TUR
Turkey,2012,74.8,TUR
Turkey,2011,74.5,TUR
Turkey,2010,74.2,TUR
Turkey,2009,73.9,TUR
Turkey,2008,73.5,TUR
Turkey,2007,73.2,TUR
Turkey,2006,72.8,TUR
Turkey,2005,72.4,TUR
Turkey,2004,72,TUR
Turkey,2003,71.6,TUR
Turkey,2002,71.2,TUR
Turkey,2001,78,TUR
Turkey,2000,74,TUR
Turkmenistan,2015,66.3,TKM
Turkmenistan,2014,66,TKM
Turkmenistan,2013,65.4,TKM
Turkmenistan,2012,65.6,TKM
Turkmenistan,2011,65.6,TKM
Turkmenistan,2010,65.8,TKM
Turkmenistan,2009,65.6,TKM
Turkmenistan,2008,64.5,TKM
Turkmenistan,2007,64.1,TKM
Turkmenistan,2006,63.7,TKM
Turkmenistan,2005,63.3,TKM
Turkmenistan,2004,63.5,TKM
Turkmenistan,2003,63.4,TKM
Turkmenistan,2002,63.3,TKM
Turkmenistan,2001,64,TKM
Turkmenistan,2000,63.8,TKM
Tuvalu,2013,null,TUV
Uganda,2015,62.3,UGA
Uganda,2015,62.3,UGA
Uganda,2014,61.5,UGA
Uganda,2014,61.5,UGA
Uganda,2013,67,UGA
Uganda,2013,67,UGA
Uganda,2012,60,UGA
Uganda,2012,60,UGA
Uganda,2011,59.3,UGA
Uganda,2011,59.3,UGA
Uganda,2010,58.4,UGA
Uganda,2010,58.4,UGA
Uganda,2009,57.5,UGA
Uganda,2009,57.5,UGA
Uganda,2008,56.3,UGA
Uganda,2008,56.3,UGA
Uganda,2007,55.5,UGA
Uganda,2007,55.5,UGA
Uganda,2006,54.9,UGA
Uganda,2006,54.9,UGA
Uganda,2005,53.2,UGA
Uganda,2005,53.2,UGA
Uganda,2004,51.3,UGA
Uganda,2004,51.3,UGA
Uganda,2003,51,UGA
Uganda,2003,51,UGA
Uganda,2002,48.8,UGA
Uganda,2002,48.8,UGA
Uganda,2001,47.7,UGA
Uganda,2001,47.7,UGA
Uganda,2000,46.6,UGA
Uganda,2000,46.6,UGA
Ukraine,2015,71.3,UKR
Ukraine,2014,78,UKR
Ukraine,2013,71,UKR
Ukraine,2012,77,UKR
Ukraine,2011,75,UKR
Ukraine,2010,69.8,UKR
Ukraine,2009,69.2,UKR
Ukraine,2008,67.7,UKR
Ukraine,2007,67.5,UKR
Ukraine,2006,67.7,UKR
Ukraine,2005,67,UKR
Ukraine,2004,67.4,UKR
Ukraine,2003,67.6,UKR
Ukraine,2002,67.6,UKR
Ukraine,2001,67.7,UKR
Ukraine,2000,67.5,UKR
United Arab Emirates,2015,77.1,ARE
United Arab Emirates,2014,76.9,ARE
United Arab Emirates,2013,76.7,ARE
United Arab Emirates,2012,76.5,ARE
United Arab Emirates,2011,76.3,ARE
United Arab Emirates,2010,76.2,ARE
United Arab Emirates,2009,76,ARE
United Arab Emirates,2008,75.8,ARE
United Arab Emirates,2007,75.6,ARE
United Arab Emirates,2006,75.4,ARE
United Arab Emirates,2005,75.3,ARE
United Arab Emirates,2004,75.1,ARE
United Arab Emirates,2003,74.9,ARE
United Arab Emirates,2002,74.7,ARE
United Arab Emirates,2001,74.5,ARE
United Arab Emirates,2000,74.2,ARE
United Kingdom of Great Britain and Northern Ireland,2015,81.2,GBR
United Kingdom of Great Britain and Northern Ireland,2014,81,GBR
United Kingdom of Great Britain and Northern Ireland,2013,87,GBR
United Kingdom of Great Britain and Northern Ireland,2012,86,GBR
United Kingdom of Great Britain and Northern Ireland,2011,86,GBR
United Kingdom of Great Britain and Northern Ireland,2010,82,GBR
United Kingdom of Great Britain and Northern Ireland,2009,81,GBR
United Kingdom of Great Britain and Northern Ireland,2008,79.6,GBR
United Kingdom of Great Britain and Northern Ireland,2007,79.5,GBR
United Kingdom of Great Britain and Northern Ireland,2006,79.3,GBR
United Kingdom of Great Britain and Northern Ireland,2005,79,GBR
United Kingdom of Great Britain and Northern Ireland,2004,78.8,GBR
United Kingdom of Great Britain and Northern Ireland,2003,78.3,GBR
United Kingdom of Great Britain and Northern Ireland,2002,78.2,GBR
United Kingdom of Great Britain and Northern Ireland,2001,78,GBR
United Kingdom of Great Britain and Northern Ireland,2000,77.8,GBR
United Republic of Tanzania,2015,61.8,null
United Republic of Tanzania,2014,67,null
United Republic of Tanzania,2013,59.7,null
United Republic of Tanzania,2012,58.6,null
United Republic of Tanzania,2011,58.3,null
United Republic of Tanzania,2010,57.5,null
United Republic of Tanzania,2009,56.9,null
United Republic of Tanzania,2008,56.2,null
United Republic of Tanzania,2007,54.5,null
United Republic of Tanzania,2006,53.1,null
United Republic of Tanzania,2005,52.2,null
United Republic of Tanzania,2004,51.5,null
United Republic of Tanzania,2003,58,null
United Republic of Tanzania,2002,52,null
United Republic of Tanzania,2001,49.6,null
United Republic of Tanzania,2000,49.2,null
United States of America,2015,79.3,USA
United States of America,2014,79.1,USA
United States of America,2013,78.9,USA
United States of America,2012,78.8,USA
United States of America,2011,78.7,USA
United States of America,2010,78.7,USA
United States of America,2009,78.5,USA
United States of America,2008,78.2,USA
United States of America,2007,78.1,USA
United States of America,2006,77.8,USA
United States of America,2005,77.5,USA
United States of America,2004,77.5,USA
United States of America,2003,77.2,USA
United States of America,2002,77,USA
United States of America,2001,76.9,USA
United States of America,2000,76.8,USA
Uruguay,2015,77,URY
Uruguay,2014,76.8,URY
Uruguay,2013,76.8,URY
Uruguay,2012,76.5,URY
Uruguay,2011,77,URY
Uruguay,2010,76.3,URY
Uruguay,2009,76.6,URY
Uruguay,2008,76.4,URY
Uruguay,2007,75.4,URY
Uruguay,2006,76.2,URY
Uruguay,2005,75.7,URY
Uruguay,2004,75.4,URY
Uruguay,2003,75.4,URY
Uruguay,2002,75.4,URY
Uruguay,2001,75.2,URY
Uruguay,2000,75.1,URY
Uzbekistan,2015,69.4,UZB
Uzbekistan,2014,69.2,UZB
Uzbekistan,2013,69.1,UZB
Uzbekistan,2012,68.8,UZB
Uzbekistan,2011,68.5,UZB
Uzbekistan,2010,68.3,UZB
Uzbekistan,2009,68,UZB
Uzbekistan,2008,67.9,UZB
Uzbekistan,2007,67.8,UZB
Uzbekistan,2006,67.6,UZB
Uzbekistan,2005,67.3,UZB
Uzbekistan,2004,67.8,UZB
Uzbekistan,2003,67.2,UZB
Uzbekistan,2002,67.1,UZB
Uzbekistan,2001,67.4,UZB
Uzbekistan,2000,67.1,UZB
Vanuatu,2015,72,VUT
Vanuatu,2014,71.7,VUT
Vanuatu,2013,71.6,VUT
Vanuatu,2012,71.4,VUT
Vanuatu,2011,71.2,VUT
Vanuatu,2010,71,VUT
Vanuatu,2009,78,VUT
Vanuatu,2008,75,VUT
Vanuatu,2007,73,VUT
Vanuatu,2006,71,VUT
Vanuatu,2005,69.9,VUT
Vanuatu,2004,69.6,VUT
Vanuatu,2003,69.4,VUT
Vanuatu,2002,69.3,VUT
Vanuatu,2001,69.1,VUT
Vanuatu,2000,69,VUT
Venezuela (Bolivarian Republic of),2015,74.1,VEN
Venezuela (Bolivarian Republic of),2014,73.9,VEN
Venezuela (Bolivarian Republic of),2013,73.8,VEN
Venezuela (Bolivarian Republic of),2012,73.7,VEN
Venezuela (Bolivarian Republic of),2011,73.8,VEN
Venezuela (Bolivarian Republic of),2010,73.7,VEN
Venezuela (Bolivarian Republic of),2009,73.6,VEN
Venezuela (Bolivarian Republic of),2008,73.2,VEN
Venezuela (Bolivarian Republic of),2007,73.4,VEN
Venezuela (Bolivarian Republic of),2006,73.6,VEN
Venezuela (Bolivarian Republic of),2005,73.6,VEN
Venezuela (Bolivarian Republic of),2004,73.3,VEN
Venezuela (Bolivarian Republic of),2003,72.4,VEN
Venezuela (Bolivarian Republic of),2002,73.1,VEN
Venezuela (Bolivarian Republic of),2001,72.5,VEN
Venezuela (Bolivarian Republic of),2000,72.5,VEN
Viet Nam,2015,76,VNM
Viet Nam,2014,75.9,VNM
Viet Nam,2013,75.7,VNM
Viet Nam,2012,75.6,VNM
Viet Nam,2011,75.4,VNM
Viet Nam,2010,75.2,VNM
Viet Nam,2009,75,VNM
Viet Nam,2008,74.9,VNM
Viet Nam,2007,74.7,VNM
Viet Nam,2006,74.6,VNM
Viet Nam,2005,74.4,VNM
Viet Nam,2004,74.2,VNM
Viet Nam,2003,74,VNM
Viet Nam,2002,73.8,VNM
Viet Nam,2001,73.6,VNM
Viet Nam,2000,73.4,VNM
Yemen,2015,65.7,YEM
Yemen,2014,65.4,YEM
Yemen,2013,65.4,YEM
Yemen,2012,64.7,YEM
Yemen,2011,64.6,YEM
Yemen,2010,64.4,YEM
Yemen,2009,64.1,YEM
Yemen,2008,63.8,YEM
Yemen,2007,63.4,YEM
Yemen,2006,63,YEM
Yemen,2005,62.6,YEM
Yemen,2004,62.2,YEM
Yemen,2003,61.9,YEM
Yemen,2002,61.5,YEM
Yemen,2001,61.1,YEM
Yemen,2000,68,YEM
Zambia,2015,61.8,ZMB
Zambia,2015,61.8,ZMB
Zambia,2015,61.8,ZMB
Zambia,2014,61.1,ZMB
Zambia,2014,61.1,ZMB
Zambia,2014,61.1,ZMB
Zambia,2013,63,ZMB
Zambia,2013,63,ZMB
Zambia,2013,63,ZMB
Zambia,2012,59.2,ZMB
Zambia,2012,59.2,ZMB
Zambia,2012,59.2,ZMB
Zambia,2011,58.2,ZMB
Zambia,2011,58.2,ZMB
Zambia,2011,58.2,ZMB
Zambia,2010,58,ZMB
Zambia,2010,58,ZMB
Zambia,2010,58,ZMB
Zambia,2009,57.4,ZMB
Zambia,2009,57.4,ZMB
Zambia,2009,57.4,ZMB
Zambia,2008,55.7,ZMB
Zambia,2008,55.7,ZMB
Zambia,2008,55.7,ZMB
Zambia,2007,52.6,ZMB
Zambia,2007,52.6,ZMB
Zambia,2007,52.6,ZMB
Zambia,2006,58,ZMB
Zambia,2006,58,ZMB
Zambia,2006,58,ZMB
Zambia,2005,49.3,ZMB
Zambia,2005,49.3,ZMB
Zambia,2005,49.3,ZMB
Zambia,2004,47.9,ZMB
Zambia,2004,47.9,ZMB
Zambia,2004,47.9,ZMB
Zambia,2003,46.4,ZMB
Zambia,2003,46.4,ZMB
Zambia,2003,46.4,ZMB
Zambia,2002,45.5,ZMB
Zambia,2002,45.5,ZMB
Zambia,2002,45.5,ZMB
Zambia,2001,44.6,ZMB
Zambia,2001,44.6,ZMB
Zambia,2001,44.6,ZMB
Zambia,2000,43.8,ZMB
Zambia,2000,43.8,ZMB
Zambia,2000,43.8,ZMB
Zimbabwe,2015,67,ZWE
Zimbabwe,2014,59.2,ZWE
Zimbabwe,2013,58,ZWE
Zimbabwe,2012,56.6,ZWE
Zimbabwe,2011,54.9,ZWE
Zimbabwe,2010,52.4,ZWE
Zimbabwe,2009,50,ZWE
Zimbabwe,2008,48.2,ZWE
Zimbabwe,2007,46.6,ZWE
Zimbabwe,2006,45.4,ZWE
Zimbabwe,2005,44.6,ZWE
Zimbabwe,2004,44.3,ZWE
Zimbabwe,2003,44.5,ZWE
Zimbabwe,2002,44.8,ZWE
Zimbabwe,2001,45.3,ZWE
Zimbabwe,2000,46,ZWE
