name,code,year,pop
Afghanistan,AFG,2013,59.9
Afghanistan,AFG,2007,57.5
Afghanistan,AFG,2006,57.3
Afghanistan,AFG,2002,56.2
Afghanistan,AFG,2005,57.3
Afghanistan,AFG,2008,58.1
Afghanistan,AFG,2004,57
Afghanistan,AFG,2014,59.9
Afghanistan,AFG,2011,59.2
Afghanistan,AFG,2010,58.8
Afghanistan,AFG,2001,55.3
Afghanistan,AFG,2000,54.8
Afghanistan,AFG,2012,59.5
Afghanistan,AFG,2009,58.6
Afghanistan,AFG,2003,56.7
Afghanistan,AFG,2015,65
Albania,ALB,2011,76.6
Albania,ALB,2015,77.8
Albania,ALB,2004,73
Albania,ALB,2005,73.5
Albania,ALB,2001,73.6
Albania,ALB,2000,72.6
Albania,ALB,2006,74.2
Albania,ALB,2010,76.2
Albania,ALB,2013,77.2
Albania,ALB,2012,76.9
Albania,ALB,2014,77.5
Albania,ALB,2009,76.1
Albania,ALB,2003,72.8
Albania,ALB,2002,73.3
Albania,ALB,2007,75.9
Albania,ALB,2008,75.3
Algeria,DZA,2002,71.6
Algeria,DZA,2000,71.3
Algeria,DZA,2009,74.4
Algeria,DZA,2012,75.1
Algeria,DZA,2013,75.3
Algeria,DZA,2011,74.9
Algeria,DZA,2014,75.4
Algeria,DZA,2003,71.7
Algeria,DZA,2007,73.8
Algeria,DZA,2005,72.9
Algeria,DZA,2001,71.4
Algeria,DZA,2015,75.6
Algeria,DZA,2006,73.4
Algeria,DZA,2004,72.3
Algeria,DZA,2008,74.1
Algeria,DZA,2010,74.7
Angola,AGO,2012,56
Angola,AGO,2000,45.3
Angola,AGO,2002,46.5
Angola,AGO,2013,51.1
Angola,AGO,2001,45.7
Angola,AGO,2007,48.2
Angola,AGO,2004,47.1
Angola,AGO,2005,47.4
Angola,AGO,2006,47.7
Angola,AGO,2008,48.7
Angola,AGO,2003,46.8
Angola,AGO,2010,49.6
Angola,AGO,2015,52.4
Angola,AGO,2014,51.7
Angola,AGO,2011,51
Angola,AGO,2009,49.1
Antigua and Barbuda,ATG,2002,74
Antigua and Barbuda,ATG,2013,76.1
Antigua and Barbuda,ATG,2012,75.9
Antigua and Barbuda,ATG,2004,74.4
Antigua and Barbuda,ATG,2010,75.6
Antigua and Barbuda,ATG,2000,73.6
Antigua and Barbuda,ATG,2015,76.4
Antigua and Barbuda,ATG,2009,75.4
Antigua and Barbuda,ATG,2014,76.2
Antigua and Barbuda,ATG,2008,75.2
Antigua and Barbuda,ATG,2006,74.8
Antigua and Barbuda,ATG,2001,73.8
Antigua and Barbuda,ATG,2003,74.2
Antigua and Barbuda,ATG,2011,75.7
Antigua and Barbuda,ATG,2005,74.6
Antigua and Barbuda,ATG,2007,75
Argentina,ARG,2007,74.8
Argentina,ARG,2005,74.9
Argentina,ARG,2009,75.6
Argentina,ARG,2000,74.1
Argentina,ARG,2004,74.7
Argentina,ARG,2008,75.4
Argentina,ARG,2011,75.7
Argentina,ARG,2006,75.2
Argentina,ARG,2014,76.2
Argentina,ARG,2015,76.3
Argentina,ARG,2002,74.1
Argentina,ARG,2012,75.9
Argentina,ARG,2003,74.1
Argentina,ARG,2001,74
Argentina,ARG,2010,75.5
Argentina,ARG,2013,76
Armenia,ARM,2008,73.2
Armenia,ARM,2002,72.6
Armenia,ARM,2004,73
Armenia,ARM,2010,73.5
Armenia,ARM,2007,73.5
Armenia,ARM,2015,74.8
Armenia,ARM,2000,72
Armenia,ARM,2003,72.7
Armenia,ARM,2014,74.6
Armenia,ARM,2011,73.9
Armenia,ARM,2012,74.4
Armenia,ARM,2005,73
Armenia,ARM,2013,74.4
Armenia,ARM,2009,73.3
Armenia,ARM,2006,72.9
Armenia,ARM,2001,72.6
Australia,AUS,2007,81.3
Australia,AUS,2001,79.9
Australia,AUS,2006,81.2
Australia,AUS,2008,81.3
Australia,AUS,2002,79.9
Australia,AUS,2012,82.3
Australia,AUS,2009,81.7
Australia,AUS,2011,82
Australia,AUS,2000,79.5
Australia,AUS,2003,83
Australia,AUS,2014,82.7
Australia,AUS,2015,82.8
Australia,AUS,2013,82.5
Australia,AUS,2010,81.9
Australia,AUS,2004,86
Australia,AUS,2005,81
Austria,AUT,2012,88
Austria,AUT,2008,84
Austria,AUT,2000,78.1
Austria,AUT,2015,81.5
Austria,AUT,2007,81
Austria,AUT,2013,81.1
Austria,AUT,2006,79.8
Austria,AUT,2014,81.4
Austria,AUT,2002,78.7
Austria,AUT,2001,78.6
Austria,AUT,2004,79.3
Austria,AUT,2011,88
Austria,AUT,2005,79.4
Austria,AUT,2009,82
Austria,AUT,2010,84
Austria,AUT,2003,78.8
Azerbaijan,AZE,2001,67.5
Azerbaijan,AZE,2004,68.4
Azerbaijan,AZE,2000,66.6
Azerbaijan,AZE,2002,67.8
Azerbaijan,AZE,2006,69.2
Azerbaijan,AZE,2003,67.8
Azerbaijan,AZE,2005,68.4
Azerbaijan,AZE,2007,73
Azerbaijan,AZE,2015,72.7
Azerbaijan,AZE,2008,73
Azerbaijan,AZE,2010,71.1
Azerbaijan,AZE,2013,72.2
Azerbaijan,AZE,2014,72.5
Azerbaijan,AZE,2012,71.9
Azerbaijan,AZE,2009,78
Azerbaijan,AZE,2011,71.6
Bahamas,BHS,2014,75.4
Bahamas,BHS,2010,75
Bahamas,BHS,2008,74.5
Bahamas,BHS,2012,74.9
Bahamas,BHS,2011,75
Bahamas,BHS,2007,74.4
Bahamas,BHS,2015,76.1
Bahamas,BHS,2005,74.1
Bahamas,BHS,2006,74.2
Bahamas,BHS,2000,72.6
Bahamas,BHS,2001,72.9
Bahamas,BHS,2004,73.8
Bahamas,BHS,2002,73.1
Bahamas,BHS,2013,74.8
Bahamas,BHS,2003,73.2
Bahamas,BHS,2009,74.6
Bahrain,BHR,2011,76.1
Bahrain,BHR,2013,76.7
Bahrain,BHR,2000,74.5
Bahrain,BHR,2002,74.9
Bahrain,BHR,2007,75.6
Bahrain,BHR,2008,75.8
Bahrain,BHR,2003,75
Bahrain,BHR,2005,75.3
Bahrain,BHR,2014,76.8
Bahrain,BHR,2015,76.9
Bahrain,BHR,2010,76.1
Bahrain,BHR,2006,75.5
Bahrain,BHR,2001,74.7
Bahrain,BHR,2012,76.5
Bahrain,BHR,2009,76
Bahrain,BHR,2004,75.2
Bangladesh,BGD,2012,77
Bangladesh,BGD,2008,69.1
Bangladesh,BGD,2010,69.9
Bangladesh,BGD,2011,73
Bangladesh,BGD,2015,71.8
Bangladesh,BGD,2003,66.8
Bangladesh,BGD,2009,69.5
Bangladesh,BGD,2006,68.2
Bangladesh,BGD,2007,68.6
Bangladesh,BGD,2013,71
Bangladesh,BGD,2001,65.8
Bangladesh,BGD,2002,66.3
Bangladesh,BGD,2004,67.3
Bangladesh,BGD,2014,71.4
Bangladesh,BGD,2000,65.3
Bangladesh,BGD,2005,67.8
Barbados,BRB,2003,73.7
Barbados,BRB,2004,73.8
Barbados,BRB,2006,74.1
Barbados,BRB,2009,74.6
Barbados,BRB,2012,75.1
Barbados,BRB,2007,74.2
Barbados,BRB,2000,73.3
Barbados,BRB,2013,75.2
Barbados,BRB,2014,75.4
Barbados,BRB,2005,73.9
Barbados,BRB,2008,74.4
Barbados,BRB,2001,73.4
Barbados,BRB,2002,73.5
Barbados,BRB,2010,74.7
Barbados,BRB,2011,74.9
Barbados,BRB,2015,75.5
Belarus,BLR,2014,72
Belarus,BLR,2001,67.7
Belarus,BLR,2015,72.3
Belarus,BLR,2011,72
Belarus,BLR,2013,71.7
Belarus,BLR,2012,71.9
Belarus,BLR,2008,70
Belarus,BLR,2002,67.2
Belarus,BLR,2010,73
Belarus,BLR,2009,70
Belarus,BLR,2000,68
Belarus,BLR,2003,67.7
Belarus,BLR,2004,68.2
Belarus,BLR,2005,68.1
Belarus,BLR,2006,68.9
Belarus,BLR,2007,69.8
Belgium,BEL,2007,79.5
Belgium,BEL,2005,78.9
Belgium,BEL,2008,79.5
Belgium,BEL,2010,80
Belgium,BEL,2002,78
Belgium,BEL,2004,78.8
Belgium,BEL,2001,78
Belgium,BEL,2003,78.3
Belgium,BEL,2009,79.8
Belgium,BEL,2014,89
Belgium,BEL,2015,81.1
Belgium,BEL,2011,83
Belgium,BEL,2006,79.4
Belgium,BEL,2012,83
Belgium,BEL,2013,87
Belgium,BEL,2000,77.6
Belize,BLZ,2007,69.6
Belize,BLZ,2013,69.8
Belize,BLZ,2014,70
Belize,BLZ,2012,69.4
Belize,BLZ,2001,68.2
Belize,BLZ,2010,69.5
Belize,BLZ,2004,68.7
Belize,BLZ,2003,68.4
Belize,BLZ,2008,69.6
Belize,BLZ,2002,68.5
Belize,BLZ,2000,68.3
Belize,BLZ,2011,69.4
Belize,BLZ,2005,69
Belize,BLZ,2006,69.4
Belize,BLZ,2009,69.5
Belize,BLZ,2015,71
Benin,BEN,2015,60
Benin,BEN,2003,55.8
Benin,BEN,2002,55.6
Benin,BEN,2001,55.5
Benin,BEN,2007,57.1
Benin,BEN,2009,58.4
Benin,BEN,2004,56.1
Benin,BEN,2008,57.6
Benin,BEN,2011,59.1
Benin,BEN,2014,59.7
Benin,BEN,2005,56.5
Benin,BEN,2010,58.7
Benin,BEN,2012,59.3
Benin,BEN,2013,59.5
Benin,BEN,2000,55.4
Benin,BEN,2006,56.8
Bhutan,BTN,2006,65.8
Bhutan,BTN,2010,67.9
Bhutan,BTN,2014,69.4
Bhutan,BTN,2007,66.5
Bhutan,BTN,2011,68.3
Bhutan,BTN,2003,63.3
Bhutan,BTN,2012,68.7
Bhutan,BTN,2001,61.7
Bhutan,BTN,2002,62.5
Bhutan,BTN,2000,62
Bhutan,BTN,2009,67.4
Bhutan,BTN,2004,64.2
Bhutan,BTN,2015,69.8
Bhutan,BTN,2013,69.1
Bhutan,BTN,2008,67
Bhutan,BTN,2005,65
Bosnia and Herzegovina,BIH,2006,75.7
Bosnia and Herzegovina,BIH,2009,76.1
Bosnia and Herzegovina,BIH,2000,74.6
Bosnia and Herzegovina,BIH,2001,74.9
Bosnia and Herzegovina,BIH,2011,76.9
Bosnia and Herzegovina,BIH,2008,76
Bosnia and Herzegovina,BIH,2012,76.8
Bosnia and Herzegovina,BIH,2002,75.4
Bosnia and Herzegovina,BIH,2003,75.2
Bosnia and Herzegovina,BIH,2005,75
Bosnia and Herzegovina,BIH,2004,75.5
Bosnia and Herzegovina,BIH,2015,77.4
Bosnia and Herzegovina,BIH,2010,76.4
Bosnia and Herzegovina,BIH,2007,75.4
Bosnia and Herzegovina,BIH,2013,77
Bosnia and Herzegovina,BIH,2014,77.2
Botswana,BWA,2000,47.8
Botswana,BWA,2008,57.5
Botswana,BWA,2014,65.1
Botswana,BWA,2013,64.2
Botswana,BWA,2011,62.2
Botswana,BWA,2001,46.7
Botswana,BWA,2009,59.2
Botswana,BWA,2015,65.7
Botswana,BWA,2004,48.1
Botswana,BWA,2005,51.7
Botswana,BWA,2010,61.1
Botswana,BWA,2012,63.4
Botswana,BWA,2007,56.9
Botswana,BWA,2006,54.8
Botswana,BWA,2002,46
Botswana,BWA,2003,46.4
Brazil,BRA,2009,73.6
Brazil,BRA,2002,71.4
Brazil,BRA,2013,74.7
Brazil,BRA,2014,74.8
Brazil,BRA,2015,75
Brazil,BRA,2010,73.8
Brazil,BRA,2000,75
Brazil,BRA,2011,74.1
Brazil,BRA,2005,72.7
Brazil,BRA,2006,73
Brazil,BRA,2007,73.3
Brazil,BRA,2003,71.8
Brazil,BRA,2012,74.5
Brazil,BRA,2004,72
Brazil,BRA,2001,71
Brazil,BRA,2008,73.4
Bulgaria,BGR,2001,71.6
Bulgaria,BGR,2015,74.5
Bulgaria,BGR,2012,73.9
Bulgaria,BGR,2013,74.1
Bulgaria,BGR,2000,71.1
Bulgaria,BGR,2005,72.1
Bulgaria,BGR,2002,71.8
Bulgaria,BGR,2007,72.6
Bulgaria,BGR,2010,73.4
Bulgaria,BGR,2011,73.7
Bulgaria,BGR,2003,72
Bulgaria,BGR,2014,74.3
Bulgaria,BGR,2008,72.9
Bulgaria,BGR,2006,72.2
Bulgaria,BGR,2009,73.2
Bulgaria,BGR,2004,72.2
Burundi,BDI,2003,51.9
Burundi,BDI,2006,54.1
Burundi,BDI,2005,53.4
Burundi,BDI,2001,51.3
Burundi,BDI,2009,56.2
Burundi,BDI,2004,52.6
Burundi,BDI,2013,58.6
Burundi,BDI,2000,58
Burundi,BDI,2002,51.5
Burundi,BDI,2015,59.6
Burundi,BDI,2012,58
Burundi,BDI,2014,59.1
Burundi,BDI,2007,54.8
Burundi,BDI,2010,56.8
Burundi,BDI,2011,57.4
Burundi,BDI,2008,55.3
Cambodia,KHM,2005,62.9
Cambodia,KHM,2002,59.3
Cambodia,KHM,2015,68.7
Cambodia,KHM,2014,68.3
Cambodia,KHM,2013,67.8
Cambodia,KHM,2011,67
Cambodia,KHM,2001,58.5
Cambodia,KHM,2004,61.5
Cambodia,KHM,2006,64.1
Cambodia,KHM,2010,66.6
Cambodia,KHM,2003,63
Cambodia,KHM,2012,67.4
Cambodia,KHM,2009,66.1
Cambodia,KHM,2008,65.6
Cambodia,KHM,2000,57.7
Cambodia,KHM,2007,65
Cameroon,CMR,2007,53.6
Cameroon,CMR,2005,52.8
Cameroon,CMR,2009,54.8
Cameroon,CMR,2000,51.4
Cameroon,CMR,2012,55.9
Cameroon,CMR,2003,51.8
Cameroon,CMR,2014,56.7
Cameroon,CMR,2002,51.6
Cameroon,CMR,2015,57.3
Cameroon,CMR,2001,51.5
Cameroon,CMR,2008,54.2
Cameroon,CMR,2004,52.1
Cameroon,CMR,2011,55.6
Cameroon,CMR,2010,55.3
Cameroon,CMR,2006,53.3
Cameroon,CMR,2013,56.4
Canada,CAN,2013,81.8
Canada,CAN,2011,81.5
Canada,CAN,2001,79.4
Canada,CAN,2004,80
Canada,CAN,2015,82.2
Canada,CAN,2010,81.2
Canada,CAN,2014,82
Canada,CAN,2012,81.6
Canada,CAN,2002,79.5
Canada,CAN,2007,85
Canada,CAN,2008,87
Canada,CAN,2009,81
Canada,CAN,2000,79.1
Canada,CAN,2005,81
Canada,CAN,2006,85
Canada,CAN,2003,79.7
Central African Republic,CAF,2013,49.9
Central African Republic,CAF,2012,53
Central African Republic,CAF,2002,45.6
Central African Republic,CAF,2008,47.6
Central African Republic,CAF,2005,45.9
Central African Republic,CAF,2003,45.7
Central African Republic,CAF,2004,45.7
Central African Republic,CAF,2011,49.8
Central African Republic,CAF,2006,46.3
Central African Republic,CAF,2007,46.8
Central African Republic,CAF,2014,58
Central African Republic,CAF,2015,52.5
Central African Republic,CAF,2009,48.6
Central African Republic,CAF,2000,46
Central African Republic,CAF,2010,49.2
Central African Republic,CAF,2001,45.6
Chad,TCD,2011,51.6
Chad,TCD,2013,52.2
Chad,TCD,2002,48.1
Chad,TCD,2009,57
Chad,TCD,2003,48.4
Chad,TCD,2006,48.5
Chad,TCD,2007,49.4
Chad,TCD,2000,47.6
Chad,TCD,2008,49.6
Chad,TCD,2012,51.8
Chad,TCD,2004,48.5
Chad,TCD,2015,53.1
Chad,TCD,2010,51.2
Chad,TCD,2005,48.6
Chad,TCD,2014,52.6
Chad,TCD,2001,48
Chile,CHL,2007,78.9
Chile,CHL,2008,79.6
Chile,CHL,2015,85
Chile,CHL,2010,79.1
Chile,CHL,2014,83
Chile,CHL,2011,79.8
Chile,CHL,2013,81
Chile,CHL,2012,79.9
Chile,CHL,2000,77.3
Chile,CHL,2006,78.9
Chile,CHL,2004,78
Chile,CHL,2005,78.4
Chile,CHL,2001,77.3
Chile,CHL,2002,77.8
Chile,CHL,2003,77.9
Chile,CHL,2009,79.3
China,CHN,2000,71.7
China,CHN,2003,73.1
China,CHN,2012,75.4
China,CHN,2001,72.2
China,CHN,2011,75.2
China,CHN,2015,76.1
China,CHN,2013,75.6
China,CHN,2014,75.8
China,CHN,2004,73.5
China,CHN,2005,73.9
China,CHN,2006,74.2
China,CHN,2002,72.7
China,CHN,2007,74.4
China,CHN,2008,74.5
China,CHN,2009,74.9
China,CHN,2010,75
Colombia,COL,2013,74.4
Colombia,COL,2014,74.6
Colombia,COL,2004,72.8
Colombia,COL,2012,74.3
Colombia,COL,2008,73.5
Colombia,COL,2006,73.1
Colombia,COL,2005,73.1
Colombia,COL,2003,72.4
Colombia,COL,2000,71.4
Colombia,COL,2007,73.5
Colombia,COL,2009,73.6
Colombia,COL,2015,74.8
Colombia,COL,2001,71.5
Colombia,COL,2002,71.8
Colombia,COL,2010,73.6
Colombia,COL,2011,74.2
Comoros,COM,2005,60
Comoros,COM,2001,59.5
Comoros,COM,2000,59.5
Comoros,COM,2011,62.2
Comoros,COM,2013,62.9
Comoros,COM,2008,61
Comoros,COM,2009,61.3
Comoros,COM,2012,62.5
Comoros,COM,2010,61.8
Comoros,COM,2002,59.5
Comoros,COM,2004,59.8
Comoros,COM,2014,63.2
Comoros,COM,2015,63.5
Comoros,COM,2003,59.6
Comoros,COM,2007,66
Comoros,COM,2006,63
Congo,COG,2010,62
Congo,COG,2013,63.9
Congo,COG,2006,56.9
Congo,COG,2011,62.9
Congo,COG,2007,58.2
Congo,COG,2008,59.4
Congo,COG,2000,52.9
Congo,COG,2002,52.6
Congo,COG,2004,54.1
Congo,COG,2005,55.3
Congo,COG,2003,53.2
Congo,COG,2012,63.7
Congo,COG,2014,64.2
Congo,COG,2001,52.7
Congo,COG,2015,64.7
Congo,COG,2009,68
Costa Rica,CRI,2008,78.9
Costa Rica,CRI,2009,79.2
Costa Rica,CRI,2010,78.1
Costa Rica,CRI,2011,79
Costa Rica,CRI,2015,79.6
Costa Rica,CRI,2013,79.4
Costa Rica,CRI,2012,79.2
Costa Rica,CRI,2002,78.3
Costa Rica,CRI,2004,77.7
Costa Rica,CRI,2003,78
Costa Rica,CRI,2005,78.6
Costa Rica,CRI,2000,77.6
Costa Rica,CRI,2014,79.5
Costa Rica,CRI,2001,77.5
Costa Rica,CRI,2006,78
Costa Rica,CRI,2007,78.9
Croatia,HRV,2001,74.9
Croatia,HRV,2015,78
Croatia,HRV,2005,75.2
Croatia,HRV,2006,75.9
Croatia,HRV,2007,75.8
Croatia,HRV,2004,75.4
Croatia,HRV,2008,76
Croatia,HRV,2009,76.3
Croatia,HRV,2003,74.7
Croatia,HRV,2000,74.7
Croatia,HRV,2014,77.8
Croatia,HRV,2012,77.1
Croatia,HRV,2013,77.7
Croatia,HRV,2002,74.8
Croatia,HRV,2011,77
Croatia,HRV,2010,76.6
Cuba,CUB,2003,77.4
Cuba,CUB,2004,77.3
Cuba,CUB,2006,78
Cuba,CUB,2005,77.2
Cuba,CUB,2015,79.1
Cuba,CUB,2012,78.7
Cuba,CUB,2013,78.7
Cuba,CUB,2014,79
Cuba,CUB,2008,77.9
Cuba,CUB,2009,78.1
Cuba,CUB,2010,78
Cuba,CUB,2011,78.8
Cuba,CUB,2007,78.1
Cuba,CUB,2000,76.9
Cuba,CUB,2001,76.7
Cuba,CUB,2002,77.7
Cyprus,CYP,2005,78.7
Cyprus,CYP,2003,78.5
Cyprus,CYP,2004,78.6
Cyprus,CYP,2000,78.1
Cyprus,CYP,2001,78.2
Cyprus,CYP,2002,78.4
Cyprus,CYP,2007,78.9
Cyprus,CYP,2009,79.3
Cyprus,CYP,2008,79.1
Cyprus,CYP,2006,78.8
Cyprus,CYP,2011,79.7
Cyprus,CYP,2012,80
Cyprus,CYP,2010,79.5
Cyprus,CYP,2013,81
Cyprus,CYP,2014,83
Cyprus,CYP,2015,85
Denmark,DNK,2000,76.9
Denmark,DNK,2015,86
Denmark,DNK,2014,84
Denmark,DNK,2008,78.8
Denmark,DNK,2009,78.9
Denmark,DNK,2010,79.2
Denmark,DNK,2005,78.1
Denmark,DNK,2006,78.1
Denmark,DNK,2011,79.7
Denmark,DNK,2001,77
Denmark,DNK,2002,77
Denmark,DNK,2003,77.3
Denmark,DNK,2012,80
Denmark,DNK,2004,77.7
Denmark,DNK,2013,81
Denmark,DNK,2007,78.4
Djibouti,DJI,2013,62.7
Djibouti,DJI,2014,63
Djibouti,DJI,2015,63.5
Djibouti,DJI,2010,61.3
Djibouti,DJI,2012,62.2
Djibouti,DJI,2004,58.1
Djibouti,DJI,2001,57.7
Djibouti,DJI,2002,57.9
Djibouti,DJI,2003,58
Djibouti,DJI,2007,59.8
Djibouti,DJI,2008,62
Djibouti,DJI,2009,69
Djibouti,DJI,2011,61.8
Djibouti,DJI,2005,58.6
Djibouti,DJI,2006,59.1
Djibouti,DJI,2000,57.4
Dominican Republic,DOM,2010,72.7
Dominican Republic,DOM,2005,69.7
Dominican Republic,DOM,2015,73.9
Dominican Republic,DOM,2007,72.9
Dominican Republic,DOM,2003,73
Dominican Republic,DOM,2008,73.3
Dominican Republic,DOM,2001,71.2
Dominican Republic,DOM,2002,71.4
Dominican Republic,DOM,2000,72
Dominican Republic,DOM,2012,72.1
Dominican Republic,DOM,2004,69.3
Dominican Republic,DOM,2014,73.6
Dominican Republic,DOM,2013,73.4
Dominican Republic,DOM,2011,73.1
Dominican Republic,DOM,2006,72.3
Dominican Republic,DOM,2009,73.6
Ecuador,ECU,2001,73.4
Ecuador,ECU,2002,73.6
Ecuador,ECU,2005,74.2
Ecuador,ECU,2003,74.4
Ecuador,ECU,2004,74.4
Ecuador,ECU,2007,74.7
Ecuador,ECU,2000,72.8
Ecuador,ECU,2015,76.2
Ecuador,ECU,2014,76
Ecuador,ECU,2012,75.5
Ecuador,ECU,2009,75.1
Ecuador,ECU,2010,75
Ecuador,ECU,2011,75.3
Ecuador,ECU,2013,76
Ecuador,ECU,2006,74.4
Ecuador,ECU,2008,74.6
Egypt,EGY,2001,68.6
Egypt,EGY,2000,68.8
Egypt,EGY,2011,74
Egypt,EGY,2010,70
Egypt,EGY,2014,78
Egypt,EGY,2012,72
Egypt,EGY,2008,69.8
Egypt,EGY,2009,69.9
Egypt,EGY,2007,69.7
Egypt,EGY,2004,69
Egypt,EGY,2005,69.4
Egypt,EGY,2006,69.5
Egypt,EGY,2002,68.7
Egypt,EGY,2003,68.6
Egypt,EGY,2013,79
Egypt,EGY,2015,79
El Salvador,SLV,2014,73.3
El Salvador,SLV,2015,73.5
El Salvador,SLV,2000,69
El Salvador,SLV,2002,73
El Salvador,SLV,2013,73
El Salvador,SLV,2006,75
El Salvador,SLV,2005,71
El Salvador,SLV,2012,73
El Salvador,SLV,2003,69.9
El Salvador,SLV,2008,71.7
El Salvador,SLV,2009,71.4
El Salvador,SLV,2010,72
El Salvador,SLV,2007,71.2
El Salvador,SLV,2004,70
El Salvador,SLV,2011,72
El Salvador,SLV,2001,68.9
Equatorial Guinea,GNQ,2001,53.1
Equatorial Guinea,GNQ,2002,53.5
Equatorial Guinea,GNQ,2000,52.7
Equatorial Guinea,GNQ,2012,56.7
Equatorial Guinea,GNQ,2003,53.8
Equatorial Guinea,GNQ,2008,55.4
Equatorial Guinea,GNQ,2005,54.4
Equatorial Guinea,GNQ,2004,54.1
Equatorial Guinea,GNQ,2014,57.9
Equatorial Guinea,GNQ,2009,55.7
Equatorial Guinea,GNQ,2011,56.2
Equatorial Guinea,GNQ,2013,57.4
Equatorial Guinea,GNQ,2006,54.8
Equatorial Guinea,GNQ,2007,55
Equatorial Guinea,GNQ,2015,58.2
Equatorial Guinea,GNQ,2010,56.1
Eritrea,ERI,2013,64
Eritrea,ERI,2003,58.8
Eritrea,ERI,2000,45.3
Eritrea,ERI,2001,58.1
Eritrea,ERI,2005,59.4
Eritrea,ERI,2008,67
Eritrea,ERI,2010,62.1
Eritrea,ERI,2015,64.7
Eritrea,ERI,2014,64.4
Eritrea,ERI,2009,61.4
Eritrea,ERI,2007,62
Eritrea,ERI,2004,59.1
Eritrea,ERI,2006,59.7
Eritrea,ERI,2002,58.5
Eritrea,ERI,2011,62.9
Eritrea,ERI,2012,63.6
Estonia,EST,2000,78
Estonia,EST,2013,76.9
Estonia,EST,2012,76.3
Estonia,EST,2010,75.6
Estonia,EST,2014,77.3
Estonia,EST,2015,77.6
Estonia,EST,2003,71.9
Estonia,EST,2006,73
Estonia,EST,2002,71.2
Estonia,EST,2004,72.3
Estonia,EST,2005,72.8
Estonia,EST,2008,74.2
Estonia,EST,2007,73
Estonia,EST,2009,74.9
Estonia,EST,2011,76.1
Estonia,EST,2001,78
Ethiopia,ETH,2009,68
Ethiopia,ETH,2012,63.3
Ethiopia,ETH,2015,64.8
Ethiopia,ETH,2010,61.8
Ethiopia,ETH,2011,62.6
Ethiopia,ETH,2013,63.7
Ethiopia,ETH,2014,64.2
Ethiopia,ETH,2003,54
Ethiopia,ETH,2001,52.5
Ethiopia,ETH,2002,53.2
Ethiopia,ETH,2008,59.8
Ethiopia,ETH,2000,51.2
Ethiopia,ETH,2004,55
Ethiopia,ETH,2006,57.2
Ethiopia,ETH,2007,58.5
Ethiopia,ETH,2005,56
Fiji,FJI,2015,69.9
Fiji,FJI,2005,68.3
Fiji,FJI,2004,68.1
Fiji,FJI,2008,68.7
Fiji,FJI,2009,68.9
Fiji,FJI,2010,69.1
Fiji,FJI,2003,68
Fiji,FJI,2000,67.7
Fiji,FJI,2002,67.9
Fiji,FJI,2001,67.8
Fiji,FJI,2007,68.6
Fiji,FJI,2006,68.5
Fiji,FJI,2012,69.4
Fiji,FJI,2014,69.7
Fiji,FJI,2013,69.6
Fiji,FJI,2011,69.2
Finland,FIN,2004,78.7
Finland,FIN,2006,79.2
Finland,FIN,2002,78.1
Finland,FIN,2013,87
Finland,FIN,2011,83
Finland,FIN,2014,89
Finland,FIN,2009,79.7
Finland,FIN,2010,79.9
Finland,FIN,2015,81.1
Finland,FIN,2007,79.3
Finland,FIN,2003,78.4
Finland,FIN,2001,78
Finland,FIN,2005,78.9
Finland,FIN,2000,77.5
Finland,FIN,2012,84
Finland,FIN,2008,79.6
France,FRA,2013,82
France,FRA,2014,82.2
France,FRA,2012,81.5
France,FRA,2015,82.4
France,FRA,2006,86
France,FRA,2008,89
France,FRA,2002,79.2
France,FRA,2009,81.1
France,FRA,2005,81
France,FRA,2001,79
France,FRA,2000,78.8
France,FRA,2007,89
France,FRA,2011,81.7
France,FRA,2003,79.3
France,FRA,2010,81.3
France,FRA,2004,82
Gabon,GAB,2014,65.5
Gabon,GAB,2004,59.7
Gabon,GAB,2001,59.8
Gabon,GAB,2002,59.7
Gabon,GAB,2006,61.4
Gabon,GAB,2005,65
Gabon,GAB,2009,61.7
Gabon,GAB,2008,61.6
Gabon,GAB,2010,62.3
Gabon,GAB,2000,61
Gabon,GAB,2012,63.5
Gabon,GAB,2011,62.8
Gabon,GAB,2003,59.7
Gabon,GAB,2007,61.6
Gabon,GAB,2015,66
Gabon,GAB,2013,64.6
Gambia,GMB,2010,59.3
Gambia,GMB,2005,57.7
Gambia,GMB,2008,58.7
Gambia,GMB,2002,56.6
Gambia,GMB,2001,56.3
Gambia,GMB,2000,55.9
Gambia,GMB,2013,66
Gambia,GMB,2011,59.8
Gambia,GMB,2015,61.1
Gambia,GMB,2014,68
Gambia,GMB,2012,62
Gambia,GMB,2004,57.3
Gambia,GMB,2006,58.2
Gambia,GMB,2009,59
Gambia,GMB,2003,57
Gambia,GMB,2007,58.5
Georgia,GEO,2007,74.4
Georgia,GEO,2006,73.9
Georgia,GEO,2009,73.2
Georgia,GEO,2008,73.9
Georgia,GEO,2000,71.8
Georgia,GEO,2002,71.7
Georgia,GEO,2012,74.2
Georgia,GEO,2015,74.4
Georgia,GEO,2005,73.9
Georgia,GEO,2011,73.9
Georgia,GEO,2004,72.3
Georgia,GEO,2003,72.7
Georgia,GEO,2014,74.5
Georgia,GEO,2013,74.5
Georgia,GEO,2001,73
Georgia,GEO,2010,73.8
Germany,DEU,2000,78
Germany,DEU,2009,80
Germany,DEU,2007,79.8
Germany,DEU,2006,79.6
Germany,DEU,2005,79.2
Germany,DEU,2013,86
Germany,DEU,2012,86
Germany,DEU,2014,89
Germany,DEU,2011,85
Germany,DEU,2010,81
Germany,DEU,2015,81
Germany,DEU,2004,79.1
Germany,DEU,2003,78.5
Germany,DEU,2001,78.3
Germany,DEU,2008,79.9
Germany,DEU,2002,78.4
Ghana,GHA,2009,66
Ghana,GHA,2010,69
Ghana,GHA,2008,63
Ghana,GHA,2003,57.9
Ghana,GHA,2000,57.2
Ghana,GHA,2011,61.2
Ghana,GHA,2014,62.1
Ghana,GHA,2006,59.4
Ghana,GHA,2002,57.6
Ghana,GHA,2012,61.6
Ghana,GHA,2013,61.9
Ghana,GHA,2004,58.3
Ghana,GHA,2005,58.9
Ghana,GHA,2007,59.9
Ghana,GHA,2015,62.4
Ghana,GHA,2001,57.4
Greece,GRC,2013,86
Greece,GRC,2015,81
Greece,GRC,2014,88
Greece,GRC,2006,79.7
Greece,GRC,2000,78.2
Greece,GRC,2002,79
Greece,GRC,2003,79.1
Greece,GRC,2005,79.3
Greece,GRC,2007,79.4
Greece,GRC,2008,79.9
Greece,GRC,2001,78.7
Greece,GRC,2009,80
Greece,GRC,2004,79.2
Greece,GRC,2012,84
Greece,GRC,2011,85
Greece,GRC,2010,83
Grenada,GRD,2007,71.9
Grenada,GRD,2005,71.5
Grenada,GRD,2011,72.9
Grenada,GRD,2010,72.6
Grenada,GRD,2006,71.7
Grenada,GRD,2009,72.4
Grenada,GRD,2008,72.1
Grenada,GRD,2014,73.5
Grenada,GRD,2015,73.6
Grenada,GRD,2003,71.1
Grenada,GRD,2000,74
Grenada,GRD,2001,77
Grenada,GRD,2002,79
Grenada,GRD,2004,73
Grenada,GRD,2012,73.1
Grenada,GRD,2013,73.3
Guatemala,GTM,2005,69.2
Guatemala,GTM,2010,77
Guatemala,GTM,2014,71.7
Guatemala,GTM,2001,68.4
Guatemala,GTM,2013,71.4
Guatemala,GTM,2002,69.3
Guatemala,GTM,2015,71.9
Guatemala,GTM,2000,67.7
Guatemala,GTM,2004,69.6
Guatemala,GTM,2012,71.3
Guatemala,GTM,2011,71.1
Guatemala,GTM,2008,79
Guatemala,GTM,2006,69.7
Guatemala,GTM,2007,75
Guatemala,GTM,2003,69.4
Guatemala,GTM,2009,76
Guinea,GIN,2000,52.5
Guinea,GIN,2001,52.5
Guinea,GIN,2015,59
Guinea,GIN,2011,58.1
Guinea,GIN,2012,58.4
Guinea,GIN,2007,56.4
Guinea,GIN,2008,56.8
Guinea,GIN,2010,57.8
Guinea,GIN,2013,58.8
Guinea,GIN,2004,54
Guinea,GIN,2014,58.1
Guinea,GIN,2003,53.3
Guinea,GIN,2002,52.9
Guinea,GIN,2006,55.6
Guinea,GIN,2005,54.7
Guinea,GIN,2009,57.3
Guinea-Bissau,GNB,2005,53.9
Guinea-Bissau,GNB,2012,57.6
Guinea-Bissau,GNB,2014,58.4
Guinea-Bissau,GNB,2003,53
Guinea-Bissau,GNB,2001,52.5
Guinea-Bissau,GNB,2013,58.1
Guinea-Bissau,GNB,2006,54.4
Guinea-Bissau,GNB,2007,55
Guinea-Bissau,GNB,2011,57.1
Guinea-Bissau,GNB,2010,56.7
Guinea-Bissau,GNB,2009,56.3
Guinea-Bissau,GNB,2008,55.6
Guinea-Bissau,GNB,2000,52.1
Guinea-Bissau,GNB,2002,52.8
Guinea-Bissau,GNB,2015,58.9
Guinea-Bissau,GNB,2004,53.5
Guyana,GUY,2004,65.1
Guyana,GUY,2002,65.3
Guyana,GUY,2013,65.9
Guyana,GUY,2000,65.4
Guyana,GUY,2006,65.2
Guyana,GUY,2014,66
Guyana,GUY,2001,65.4
Guyana,GUY,2005,65
Guyana,GUY,2003,65.3
Guyana,GUY,2015,66.2
Guyana,GUY,2007,65.7
Guyana,GUY,2012,65.8
Guyana,GUY,2010,65.9
Guyana,GUY,2011,65.6
Guyana,GUY,2009,66.1
Guyana,GUY,2008,66.3
Haiti,HTI,2010,36.3
Haiti,HTI,2000,58.6
Haiti,HTI,2003,59.7
Haiti,HTI,2002,59.3
Haiti,HTI,2004,58.7
Haiti,HTI,2007,61.8
Haiti,HTI,2008,62.1
Haiti,HTI,2013,62.7
Haiti,HTI,2006,61.1
Haiti,HTI,2002,59.3
Haiti,HTI,2000,58.6
Haiti,HTI,2007,61.8
Haiti,HTI,2008,62.1
Haiti,HTI,2011,62.3
Haiti,HTI,2010,36.3
Haiti,HTI,2001,58.9
Honduras,HND,2006,72.8
Honduras,HND,2003,71.9
Honduras,HND,2012,74.1
Honduras,HND,2010,73.6
Honduras,HND,2014,74.5
Honduras,HND,2000,71
Honduras,HND,2005,72.5
Honduras,HND,2015,74.6
Honduras,HND,2008,73.2
Honduras,HND,2013,74.3
Honduras,HND,2007,73
Honduras,HND,2001,71.3
Honduras,HND,2002,71.6
Honduras,HND,2004,72.2
Honduras,HND,2009,73.4
Honduras,HND,2011,73.9
Hungary,HUN,2014,75.6
Hungary,HUN,2008,74.1
Hungary,HUN,2011,74.8
Hungary,HUN,2002,72.5
Hungary,HUN,2003,72.5
Hungary,HUN,2004,72.9
Hungary,HUN,2005,72.9
Hungary,HUN,2006,73.4
Hungary,HUN,2007,73.5
Hungary,HUN,2009,74.2
Hungary,HUN,2010,74.5
Hungary,HUN,2012,75
Hungary,HUN,2013,75.5
Hungary,HUN,2015,75.8
Hungary,HUN,2001,72.3
Hungary,HUN,2000,71.7
Iceland,ISL,2002,84
Iceland,ISL,2000,79.7
Iceland,ISL,2001,80
Iceland,ISL,2015,82.7
Iceland,ISL,2003,87
Iceland,ISL,2005,81
Iceland,ISL,2013,82.4
Iceland,ISL,2012,82.5
Iceland,ISL,2011,82.1
Iceland,ISL,2010,81.8
Iceland,ISL,2009,81.6
Iceland,ISL,2008,81.4
Iceland,ISL,2007,81.3
Iceland,ISL,2006,81.1
Iceland,ISL,2014,82.5
Iceland,ISL,2004,88
India,IND,2004,64
India,IND,2001,62.9
India,IND,2008,65.5
India,IND,2003,63.7
India,IND,2006,64.8
India,IND,2000,62.5
India,IND,2005,64.4
India,IND,2007,65.2
India,IND,2002,63.3
India,IND,2015,68.3
India,IND,2011,66.8
India,IND,2014,68
India,IND,2013,67.6
India,IND,2009,66
India,IND,2012,67.3
India,IND,2010,66.4
Indonesia,IDN,2013,68.7
Indonesia,IDN,2015,69.1
Indonesia,IDN,2012,68.5
Indonesia,IDN,2008,67.7
Indonesia,IDN,2010,68.1
Indonesia,IDN,2003,66.9
Indonesia,IDN,2006,67.3
Indonesia,IDN,2007,67.5
Indonesia,IDN,2000,66.3
Indonesia,IDN,2001,66.5
Indonesia,IDN,2005,67.2
Indonesia,IDN,2002,66.7
Indonesia,IDN,2011,68.3
Indonesia,IDN,2004,65.3
Indonesia,IDN,2014,68.9
Indonesia,IDN,2009,67.9
Iraq,IRQ,2000,70
Iraq,IRQ,2001,72
Iraq,IRQ,2002,74
Iraq,IRQ,2003,66.5
Iraq,IRQ,2004,67.2
Iraq,IRQ,2005,66.8
Iraq,IRQ,2007,65.9
Iraq,IRQ,2008,69.3
Iraq,IRQ,2009,74
Iraq,IRQ,2011,77
Iraq,IRQ,2012,76
Iraq,IRQ,2006,64.7
Iraq,IRQ,2014,67.9
Iraq,IRQ,2013,69.5
Iraq,IRQ,2010,76
Iraq,IRQ,2015,68.9
Ireland,IRL,2014,81.2
Ireland,IRL,2013,81
Ireland,IRL,2006,79
Ireland,IRL,2015,81.4
Ireland,IRL,2005,78.7
Ireland,IRL,2009,79.7
Ireland,IRL,2007,79.5
Ireland,IRL,2004,78.3
Ireland,IRL,2002,77.4
Ireland,IRL,2012,85
Ireland,IRL,2011,84
Ireland,IRL,2010,86
Ireland,IRL,2001,77
Ireland,IRL,2000,76.4
Ireland,IRL,2003,78
Ireland,IRL,2008,79.8
Israel,ISR,2009,81.5
Israel,ISR,2007,84
Israel,ISR,2006,84
Israel,ISR,2000,78.9
Israel,ISR,2001,79.3
Israel,ISR,2002,79.3
Israel,ISR,2003,79.7
Israel,ISR,2010,81.7
Israel,ISR,2004,81
Israel,ISR,2005,80
Israel,ISR,2008,81
Israel,ISR,2012,81.8
Israel,ISR,2011,81.8
Israel,ISR,2014,82.2
Israel,ISR,2015,82.5
Israel,ISR,2013,82.1
Italy,ITA,2009,81.6
Italy,ITA,2010,81.8
Italy,ITA,2011,82
Italy,ITA,2007,81.3
Italy,ITA,2006,81.2
Italy,ITA,2005,88
Italy,ITA,2004,89
Italy,ITA,2003,79.9
Italy,ITA,2002,80
Italy,ITA,2000,79.4
Italy,ITA,2012,82
Italy,ITA,2013,82.3
Italy,ITA,2014,82.5
Italy,ITA,2015,82.7
Italy,ITA,2001,79.8
Italy,ITA,2008,81.5
Jamaica,JAM,2005,73.5
Jamaica,JAM,2009,74.7
Jamaica,JAM,2002,73
Jamaica,JAM,2003,73.1
Jamaica,JAM,2011,75.2
Jamaica,JAM,2013,75.6
Jamaica,JAM,2004,73.3
Jamaica,JAM,2015,76.2
Jamaica,JAM,2012,75.3
Jamaica,JAM,2000,72.6
Jamaica,JAM,2006,74
Jamaica,JAM,2007,74.2
Jamaica,JAM,2014,75.8
Jamaica,JAM,2001,72.7
Jamaica,JAM,2008,74.5
Jamaica,JAM,2010,75
Japan,JPN,2006,82.4
Japan,JPN,2005,82
Japan,JPN,2004,82.1
Japan,JPN,2003,81.9
Japan,JPN,2014,83.5
Japan,JPN,2013,83.5
Japan,JPN,2012,83.3
Japan,JPN,2011,82.5
Japan,JPN,2000,81.1
Japan,JPN,2008,82.7
Japan,JPN,2015,83.7
Japan,JPN,2001,81.5
Japan,JPN,2007,82.6
Japan,JPN,2002,81.8
Japan,JPN,2009,83
Japan,JPN,2010,83
Jordan,JOR,2014,74
Jordan,JOR,2003,72.3
Jordan,JOR,2004,72.5
Jordan,JOR,2005,72.4
Jordan,JOR,2006,72.8
Jordan,JOR,2007,73
Jordan,JOR,2008,73.1
Jordan,JOR,2009,73.3
Jordan,JOR,2010,73.4
Jordan,JOR,2011,73.6
Jordan,JOR,2012,73.7
Jordan,JOR,2013,73.9
Jordan,JOR,2001,71.9
Jordan,JOR,2002,72.1
Jordan,JOR,2015,74.1
Jordan,JOR,2000,71.7
Kazakhstan,KAZ,2007,65.3
Kazakhstan,KAZ,2008,66.6
Kazakhstan,KAZ,2009,67.8
Kazakhstan,KAZ,2010,67.8
Kazakhstan,KAZ,2004,64.7
Kazakhstan,KAZ,2011,68.5
Kazakhstan,KAZ,2001,64.4
Kazakhstan,KAZ,2012,69.1
Kazakhstan,KAZ,2013,69.5
Kazakhstan,KAZ,2014,69.9
Kazakhstan,KAZ,2015,72
Kazakhstan,KAZ,2003,64.4
Kazakhstan,KAZ,2002,64.7
Kazakhstan,KAZ,2005,64.6
Kazakhstan,KAZ,2000,63.9
Kazakhstan,KAZ,2006,65
Kenya,KEN,2006,55.3
Kenya,KEN,2007,56.8
Kenya,KEN,2008,57.9
Kenya,KEN,2009,59.1
Kenya,KEN,2010,63
Kenya,KEN,2011,61.2
Kenya,KEN,2012,62.1
Kenya,KEN,2013,62.6
Kenya,KEN,2014,62.9
Kenya,KEN,2015,63.4
Kenya,KEN,2004,53
Kenya,KEN,2003,52.4
Kenya,KEN,2002,52.1
Kenya,KEN,2001,51.9
Kenya,KEN,2000,51.9
Kenya,KEN,2005,54.1
Kiribati,KIR,2006,65
Kiribati,KIR,2003,64.7
Kiribati,KIR,2015,66.3
Kiribati,KIR,2014,66.1
Kiribati,KIR,2013,65.8
Kiribati,KIR,2012,65.7
Kiribati,KIR,2011,65.5
Kiribati,KIR,2010,65.3
Kiribati,KIR,2009,65.2
Kiribati,KIR,2008,65.1
Kiribati,KIR,2001,64.3
Kiribati,KIR,2005,64.9
Kiribati,KIR,2002,64.6
Kiribati,KIR,2007,65
Kiribati,KIR,2000,64.1
Kiribati,KIR,2004,64.8
Kuwait,KWT,2004,73.5
Kuwait,KWT,2002,73.3
Kuwait,KWT,2005,73.6
Kuwait,KWT,2003,73.4
Kuwait,KWT,2008,73.8
Kuwait,KWT,2001,73.2
Kuwait,KWT,2000,73.2
Kuwait,KWT,2012,74.3
Kuwait,KWT,2009,73.9
Kuwait,KWT,2006,73.6
Kuwait,KWT,2010,74
Kuwait,KWT,2011,74.2
Kuwait,KWT,2015,74.7
Kuwait,KWT,2014,74.6
Kuwait,KWT,2013,74.5
Kuwait,KWT,2007,73.7
Kyrgyzstan,KGZ,2008,67.6
Kyrgyzstan,KGZ,2011,69.4
Kyrgyzstan,KGZ,2003,66.6
Kyrgyzstan,KGZ,2006,66.7
Kyrgyzstan,KGZ,2002,66.7
Kyrgyzstan,KGZ,2001,67.2
Kyrgyzstan,KGZ,2000,66.6
Kyrgyzstan,KGZ,2004,67.1
Kyrgyzstan,KGZ,2005,66.9
Kyrgyzstan,KGZ,2013,77
Kyrgyzstan,KGZ,2007,67.2
Kyrgyzstan,KGZ,2009,68.5
Kyrgyzstan,KGZ,2010,68.8
Kyrgyzstan,KGZ,2012,69.9
Kyrgyzstan,KGZ,2015,71.1
Kyrgyzstan,KGZ,2014,78
Latvia,LVA,2013,74.1
Latvia,LVA,2014,74.4
Latvia,LVA,2012,73.8
Latvia,LVA,2011,73.6
Latvia,LVA,2010,72.8
Latvia,LVA,2015,74.6
Latvia,LVA,2009,72.6
Latvia,LVA,2007,78
Latvia,LVA,2005,76
Latvia,LVA,2006,75
Latvia,LVA,2001,69.9
Latvia,LVA,2003,78
Latvia,LVA,2000,71
Latvia,LVA,2002,73
Latvia,LVA,2008,71.9
Latvia,LVA,2004,71
Lebanon,LBN,2007,74.4
Lebanon,LBN,2005,73.9
Lebanon,LBN,2001,73
Lebanon,LBN,2002,73.2
Lebanon,LBN,2006,74.1
Lebanon,LBN,2000,72.7
Lebanon,LBN,2008,74.5
Lebanon,LBN,2003,73.5
Lebanon,LBN,2011,75
Lebanon,LBN,2013,74.9
Lebanon,LBN,2012,75
Lebanon,LBN,2014,74.8
Lebanon,LBN,2009,74.7
Lebanon,LBN,2004,73.7
Lebanon,LBN,2010,74.9
Lebanon,LBN,2015,74.9
Lesotho,LSO,2013,52.1
Lesotho,LSO,2014,52.1
Lesotho,LSO,2015,53.7
Lesotho,LSO,2003,45.5
Lesotho,LSO,2008,47.8
Lesotho,LSO,2000,49.3
Lesotho,LSO,2007,46.2
Lesotho,LSO,2001,47.8
Lesotho,LSO,2012,52.2
Lesotho,LSO,2010,51.1
Lesotho,LSO,2002,46.4
Lesotho,LSO,2005,44.5
Lesotho,LSO,2009,49.4
Lesotho,LSO,2006,45.3
Lesotho,LSO,2004,44.8
Lesotho,LSO,2011,52.3
Liberia,LBR,2007,57.9
Liberia,LBR,2015,61.4
Liberia,LBR,2003,50
Liberia,LBR,2014,58.1
Liberia,LBR,2001,51.5
Liberia,LBR,2008,58.6
Liberia,LBR,2006,56.7
Liberia,LBR,2013,61.1
Liberia,LBR,2004,54
Liberia,LBR,2009,59.2
Liberia,LBR,2005,55.3
Liberia,LBR,2000,51.9
Liberia,LBR,2002,56
Liberia,LBR,2012,67
Liberia,LBR,2010,59.7
Liberia,LBR,2011,62
Libya,LBY,2010,72.8
Libya,LBY,2006,72.2
Libya,LBY,2004,71.5
Libya,LBY,2002,71.1
Libya,LBY,2007,72.5
Libya,LBY,2000,78
Libya,LBY,2003,71.3
Libya,LBY,2011,71.3
Libya,LBY,2012,72.9
Libya,LBY,2013,72.9
Libya,LBY,2005,71.9
Libya,LBY,2001,71
Libya,LBY,2014,72.4
Libya,LBY,2009,72.7
Libya,LBY,2008,72.6
Libya,LBY,2015,72.7
Lithuania,LTU,2003,71.6
Lithuania,LTU,2011,72.8
Lithuania,LTU,2012,73
Lithuania,LTU,2005,78
Lithuania,LTU,2000,71.6
Lithuania,LTU,2001,71.2
Lithuania,LTU,2013,73
Lithuania,LTU,2008,71.1
Lithuania,LTU,2002,71.4
Lithuania,LTU,2014,73.4
Lithuania,LTU,2015,73.6
Lithuania,LTU,2007,72
Lithuania,LTU,2006,76
Lithuania,LTU,2009,72.2
Lithuania,LTU,2004,71.6
Lithuania,LTU,2010,72.4
Luxembourg,LUX,2001,78
Luxembourg,LUX,2007,79.7
Luxembourg,LUX,2004,78.7
Luxembourg,LUX,2005,78.8
Luxembourg,LUX,2013,81.4
Luxembourg,LUX,2010,86
Luxembourg,LUX,2011,88
Luxembourg,LUX,2000,77.8
Luxembourg,LUX,2012,81.1
Luxembourg,LUX,2008,80
Luxembourg,LUX,2014,81.7
Luxembourg,LUX,2015,82
Luxembourg,LUX,2006,79.4
Luxembourg,LUX,2002,78.3
Luxembourg,LUX,2003,78.6
Luxembourg,LUX,2009,83
Madagascar,MDG,2005,69
Madagascar,MDG,2013,64.7
Madagascar,MDG,2010,63.3
Madagascar,MDG,2006,61.4
Madagascar,MDG,2008,62.3
Madagascar,MDG,2009,62.8
Madagascar,MDG,2007,61.9
Madagascar,MDG,2003,59.9
Madagascar,MDG,2001,58.7
Madagascar,MDG,2002,59.3
Madagascar,MDG,2015,65.5
Madagascar,MDG,2004,64
Madagascar,MDG,2000,57.9
Madagascar,MDG,2014,65.1
Madagascar,MDG,2012,64.3
Madagascar,MDG,2011,63.8
Malawi,MWI,2010,52.9
Malawi,MWI,2014,57.6
Malawi,MWI,2009,51.5
Malawi,MWI,2015,58.3
Malawi,MWI,2004,45.1
Malawi,MWI,2008,50
Malawi,MWI,2000,43.1
Malawi,MWI,2001,43.5
Malawi,MWI,2002,44
Malawi,MWI,2003,44.6
Malawi,MWI,2005,46
Malawi,MWI,2013,56.7
Malawi,MWI,2006,47.1
Malawi,MWI,2011,54.1
Malawi,MWI,2007,48.5
Malawi,MWI,2012,55.3
Malaysia,MYS,2008,73.8
Malaysia,MYS,2007,73.7
Malaysia,MYS,2015,75
Malaysia,MYS,2011,74.3
Malaysia,MYS,2012,74.5
Malaysia,MYS,2003,73.1
Malaysia,MYS,2006,73.6
Malaysia,MYS,2009,74
Malaysia,MYS,2013,74.6
Malaysia,MYS,2005,73.4
Malaysia,MYS,2014,74.8
Malaysia,MYS,2004,73.2
Malaysia,MYS,2010,74.1
Malaysia,MYS,2000,72.4
Malaysia,MYS,2001,72.7
Malaysia,MYS,2002,72.9
Maldives,MDV,2015,78.5
Maldives,MDV,2011,77.3
Maldives,MDV,2013,77.9
Maldives,MDV,2010,76.7
Maldives,MDV,2009,76.3
Maldives,MDV,2008,75.9
Maldives,MDV,2014,78.2
Maldives,MDV,2004,73.4
Maldives,MDV,2000,69.6
Maldives,MDV,2001,78
Maldives,MDV,2002,71.8
Maldives,MDV,2003,72.7
Maldives,MDV,2006,75
Maldives,MDV,2005,74.3
Maldives,MDV,2012,77.6
Maldives,MDV,2007,75.4
Mali,MLI,2013,57.3
Mali,MLI,2005,53.6
Mali,MLI,2003,52
Mali,MLI,2002,51.2
Mali,MLI,2001,55
Mali,MLI,2007,55
Mali,MLI,2004,52.8
Mali,MLI,2010,56.5
Mali,MLI,2006,54.3
Mali,MLI,2000,49.8
Mali,MLI,2012,57.2
Mali,MLI,2015,58.2
Mali,MLI,2008,55.5
Mali,MLI,2011,56.8
Mali,MLI,2009,56
Mali,MLI,2014,57.8
Malta,MLT,2010,83
Malta,MLT,2006,79.3
Malta,MLT,2000,77.5
Malta,MLT,2008,80
Malta,MLT,2012,81
Malta,MLT,2013,81.1
Malta,MLT,2014,81.4
Malta,MLT,2015,81.7
Malta,MLT,2003,78.5
Malta,MLT,2004,78.7
Malta,MLT,2007,79.6
Malta,MLT,2001,77.8
Malta,MLT,2011,87
Malta,MLT,2009,82
Malta,MLT,2002,78.2
Malta,MLT,2005,79
Mauritania,MRT,2006,69
Mauritania,MRT,2004,64
Mauritania,MRT,2003,63
Mauritania,MRT,2011,62.2
Mauritania,MRT,2007,61.2
Mauritania,MRT,2010,62
Mauritania,MRT,2008,61.4
Mauritania,MRT,2001,61
Mauritania,MRT,2015,63.1
Mauritania,MRT,2000,60
Mauritania,MRT,2002,62
Mauritania,MRT,2014,63
Mauritania,MRT,2013,62.7
Mauritania,MRT,2005,66
Mauritania,MRT,2012,62.5
Mauritania,MRT,2009,61.7
Mauritius,MUS,2008,72.7
Mauritius,MUS,2007,72.9
Mauritius,MUS,2010,73.3
Mauritius,MUS,2003,71.5
Mauritius,MUS,2005,72.1
Mauritius,MUS,2013,74.1
Mauritius,MUS,2006,71.8
Mauritius,MUS,2014,74.2
Mauritius,MUS,2015,74.6
Mauritius,MUS,2011,73.6
Mauritius,MUS,2009,72.8
Mauritius,MUS,2012,73.9
Mauritius,MUS,2001,71.5
Mauritius,MUS,2002,71.5
Mauritius,MUS,2004,71.9
Mauritius,MUS,2000,71
Mexico,MEX,2006,75.8
Mexico,MEX,2002,75
Mexico,MEX,2003,75
Mexico,MEX,2004,75.4
Mexico,MEX,2001,75
Mexico,MEX,2005,75.3
Mexico,MEX,2000,74.8
Mexico,MEX,2009,75.7
Mexico,MEX,2008,75.6
Mexico,MEX,2010,75.6
Mexico,MEX,2011,76.1
Mexico,MEX,2013,76.6
Mexico,MEX,2014,76.6
Mexico,MEX,2015,76.7
Mexico,MEX,2012,76.3
Mexico,MEX,2007,76
Mongolia,MNG,2010,66.3
Mongolia,MNG,2012,67.8
Mongolia,MNG,2015,68.8
Mongolia,MNG,2009,66.9
Mongolia,MNG,2011,67.3
Mongolia,MNG,2008,67.4
Mongolia,MNG,2000,62.8
Mongolia,MNG,2001,63.2
Mongolia,MNG,2014,68.4
Mongolia,MNG,2006,65
Mongolia,MNG,2003,64
Mongolia,MNG,2004,64
Mongolia,MNG,2013,68.1
Mongolia,MNG,2005,64.5
Mongolia,MNG,2007,65.9
Mongolia,MNG,2002,63.8
Montenegro,MNE,2015,76.1
Montenegro,MNE,2013,75.8
Montenegro,MNE,2002,73.4
Montenegro,MNE,2012,75.6
Montenegro,MNE,2011,75.4
Montenegro,MNE,2010,75.3
Montenegro,MNE,2003,73.5
Montenegro,MNE,2009,75
Montenegro,MNE,2008,74.6
Montenegro,MNE,2007,74.2
Montenegro,MNE,2004,73.5
Montenegro,MNE,2000,73
Montenegro,MNE,2006,73.8
Montenegro,MNE,2005,73.6
Montenegro,MNE,2014,75.9
Montenegro,MNE,2001,73.3
Morocco,MAR,2006,71
Morocco,MAR,2015,74.3
Morocco,MAR,2013,73.9
Morocco,MAR,2014,74.1
Morocco,MAR,2001,69
Morocco,MAR,2003,69.9
Morocco,MAR,2000,68.6
Morocco,MAR,2002,69.5
Morocco,MAR,2012,73.6
Morocco,MAR,2011,73.3
Morocco,MAR,2010,72.8
Morocco,MAR,2009,72.3
Morocco,MAR,2005,77
Morocco,MAR,2008,71.8
Morocco,MAR,2004,72
Morocco,MAR,2007,71.4
Mozambique,MOZ,2012,54.8
Mozambique,MOZ,2013,55.3
Mozambique,MOZ,2005,58
Mozambique,MOZ,2015,57.6
Mozambique,MOZ,2014,56.7
Mozambique,MOZ,2003,51
Mozambique,MOZ,2006,51.2
Mozambique,MOZ,2009,53.8
Mozambique,MOZ,2007,52.1
Mozambique,MOZ,2001,49.5
Mozambique,MOZ,2011,54.3
Mozambique,MOZ,2008,53.2
Mozambique,MOZ,2000,49
Mozambique,MOZ,2010,54
Mozambique,MOZ,2002,49.8
Mozambique,MOZ,2004,54
Namibia,NAM,2003,55
Namibia,NAM,2002,55.7
Namibia,NAM,2006,57
Namibia,NAM,2005,55.1
Namibia,NAM,2000,57.4
Namibia,NAM,2001,56.5
Namibia,NAM,2004,54.7
Namibia,NAM,2013,66.1
Namibia,NAM,2010,63
Namibia,NAM,2014,65.9
Namibia,NAM,2015,65.8
Namibia,NAM,2008,61.7
Namibia,NAM,2007,60
Namibia,NAM,2012,65.8
Namibia,NAM,2009,62.4
Namibia,NAM,2011,64.3
Nepal,NPL,2012,68.9
Nepal,NPL,2014,69.6
Nepal,NPL,2010,68
Nepal,NPL,2009,67.5
Nepal,NPL,2008,67
Nepal,NPL,2007,66.6
Nepal,NPL,2013,69.3
Nepal,NPL,2003,64.3
Nepal,NPL,2002,63.1
Nepal,NPL,2004,64.7
Nepal,NPL,2015,69.2
Nepal,NPL,2001,63.2
Nepal,NPL,2000,62.5
Nepal,NPL,2011,68.4
Nepal,NPL,2005,65.4
Nepal,NPL,2006,66
Netherlands,NLD,2006,79.8
Netherlands,NLD,2005,79.4
Netherlands,NLD,2008,83
Netherlands,NLD,2003,78.7
Netherlands,NLD,2002,78.4
Netherlands,NLD,2004,79.2
Netherlands,NLD,2015,81.9
Netherlands,NLD,2014,81.7
Netherlands,NLD,2013,81.4
Netherlands,NLD,2012,81.1
Netherlands,NLD,2011,81.1
Netherlands,NLD,2010,88
Netherlands,NLD,2009,86
Netherlands,NLD,2001,78.3
Netherlands,NLD,2000,78.1
Netherlands,NLD,2007,82
New Zealand,NZL,2014,81.5
New Zealand,NZL,2003,79.1
New Zealand,NZL,2004,79.2
New Zealand,NZL,2000,78.6
New Zealand,NZL,2005,79.9
New Zealand,NZL,2006,79.9
New Zealand,NZL,2007,81
New Zealand,NZL,2008,81
New Zealand,NZL,2015,81.6
New Zealand,NZL,2001,78.5
New Zealand,NZL,2009,85
New Zealand,NZL,2002,78.7
New Zealand,NZL,2013,81.3
New Zealand,NZL,2012,81.1
New Zealand,NZL,2011,86
New Zealand,NZL,2010,89
Nicaragua,NIC,2005,71.2
Nicaragua,NIC,2015,74.8
Nicaragua,NIC,2014,74.5
Nicaragua,NIC,2002,75
Nicaragua,NIC,2012,73.9
Nicaragua,NIC,2011,74.5
Nicaragua,NIC,2008,72.5
Nicaragua,NIC,2009,73.2
Nicaragua,NIC,2001,73
Nicaragua,NIC,2003,76
Nicaragua,NIC,2007,72.5
Nicaragua,NIC,2013,73.9
Nicaragua,NIC,2000,73
Nicaragua,NIC,2004,71
Nicaragua,NIC,2010,73.2
Nicaragua,NIC,2006,73
Niger,NER,2008,56
Niger,NER,2009,57.1
Niger,NER,2001,56
Niger,NER,2002,51.4
Niger,NER,2012,63
Niger,NER,2003,52.1
Niger,NER,2010,58.2
Niger,NER,2004,52.9
Niger,NER,2005,53.7
Niger,NER,2013,69
Niger,NER,2014,61.4
Niger,NER,2006,54.5
Niger,NER,2007,55.2
Niger,NER,2011,59.4
Niger,NER,2015,61.8
Niger,NER,2000,50
Nigeria,NGA,2005,49.2
Nigeria,NGA,2008,59
Nigeria,NGA,2007,55
Nigeria,NGA,2001,47.4
Nigeria,NGA,2003,48.1
Nigeria,NGA,2009,51.6
Nigeria,NGA,2000,47.1
Nigeria,NGA,2010,52
Nigeria,NGA,2011,52.3
Nigeria,NGA,2002,47.7
Nigeria,NGA,2004,48.5
Nigeria,NGA,2012,52.7
Nigeria,NGA,2014,53.6
Nigeria,NGA,2013,53.2
Nigeria,NGA,2015,54.5
Nigeria,NGA,2006,49.8
Norway,NOR,2003,79.4
Norway,NOR,2001,78.8
Norway,NOR,2000,78.5
Norway,NOR,2015,81.8
Norway,NOR,2006,84
Norway,NOR,2005,81
Norway,NOR,2014,81.6
Norway,NOR,2002,78.9
Norway,NOR,2008,86
Norway,NOR,2009,89
Norway,NOR,2010,81
Norway,NOR,2011,81.1
Norway,NOR,2012,81.3
Norway,NOR,2013,81.5
Norway,NOR,2007,85
Norway,NOR,2004,79.8
Oman,OMN,2015,76.6
Oman,OMN,2000,72.6
Oman,OMN,2001,72.9
Oman,OMN,2002,73.3
Oman,OMN,2003,73.6
Oman,OMN,2006,74.7
Oman,OMN,2007,74.9
Oman,OMN,2008,75.2
Oman,OMN,2009,75.4
Oman,OMN,2005,74.3
Oman,OMN,2011,75.8
Oman,OMN,2010,75.6
Oman,OMN,2014,76.4
Oman,OMN,2013,76.2
Oman,OMN,2004,74
Oman,OMN,2012,76
Pakistan,PAK,2002,63.2
Pakistan,PAK,2011,65.5
Pakistan,PAK,2000,62.8
Pakistan,PAK,2003,63.5
Pakistan,PAK,2005,62.9
Pakistan,PAK,2006,64.2
Pakistan,PAK,2007,64.4
Pakistan,PAK,2008,64.6
Pakistan,PAK,2010,65.1
Pakistan,PAK,2001,63
Pakistan,PAK,2012,65.7
Pakistan,PAK,2009,64.8
Pakistan,PAK,2014,66.2
Pakistan,PAK,2015,66.4
Pakistan,PAK,2004,63.7
Pakistan,PAK,2013,66
Panama,PAN,2009,76.8
Panama,PAN,2010,76.5
Panama,PAN,2011,77.3
Panama,PAN,2013,77.5
Panama,PAN,2014,77.6
Panama,PAN,2015,77.8
Panama,PAN,2004,75.8
Panama,PAN,2002,75.7
Panama,PAN,2005,75.8
Panama,PAN,2000,75.7
Panama,PAN,2003,75.5
Panama,PAN,2007,76.4
Panama,PAN,2008,76.5
Panama,PAN,2001,75.5
Panama,PAN,2006,76.2
Panama,PAN,2012,77.2
Papua New Guinea,PNG,2013,62.4
Papua New Guinea,PNG,2004,59.9
Papua New Guinea,PNG,2006,68
Papua New Guinea,PNG,2003,59.6
Papua New Guinea,PNG,2002,59.3
Papua New Guinea,PNG,2014,62.7
Papua New Guinea,PNG,2007,61.1
Papua New Guinea,PNG,2005,64
Papua New Guinea,PNG,2008,61.4
Papua New Guinea,PNG,2015,62.9
Papua New Guinea,PNG,2009,61.6
Papua New Guinea,PNG,2000,58.9
Papua New Guinea,PNG,2010,61.8
Papua New Guinea,PNG,2012,62.2
Papua New Guinea,PNG,2001,59.1
Papua New Guinea,PNG,2011,62
Paraguay,PRY,2000,79
Paraguay,PRY,2012,73.6
Paraguay,PRY,2015,74
Paraguay,PRY,2014,73.9
Paraguay,PRY,2001,71.2
Paraguay,PRY,2002,71.5
Paraguay,PRY,2008,72.7
Paraguay,PRY,2007,72.5
Paraguay,PRY,2013,73.8
Paraguay,PRY,2005,72.1
Paraguay,PRY,2004,71.9
Paraguay,PRY,2011,73.4
Paraguay,PRY,2003,71.7
Paraguay,PRY,2006,72.3
Paraguay,PRY,2010,73.2
Paraguay,PRY,2009,73
Peru,PER,2005,72.8
Peru,PER,2011,74.5
Peru,PER,2004,72.2
Peru,PER,2006,74.2
Peru,PER,2008,73.9
Peru,PER,2009,73.8
Peru,PER,2000,71.4
Peru,PER,2010,73.7
Peru,PER,2001,72.4
Peru,PER,2003,72.1
Peru,PER,2002,72.6
Peru,PER,2007,74
Peru,PER,2012,74.9
Peru,PER,2015,75.5
Peru,PER,2014,75.3
Peru,PER,2013,75.3
Philippines,PHL,2000,66.8
Philippines,PHL,2003,67.2
Philippines,PHL,2004,67.3
Philippines,PHL,2015,68.5
Philippines,PHL,2014,68.4
Philippines,PHL,2013,68.1
Philippines,PHL,2012,68.1
Philippines,PHL,2006,67.3
Philippines,PHL,2011,68
Philippines,PHL,2005,67
Philippines,PHL,2001,66.8
Philippines,PHL,2002,66.8
Philippines,PHL,2009,68
Philippines,PHL,2007,67.5
Philippines,PHL,2010,67.9
Philippines,PHL,2008,67.5
Poland,POL,2015,77.5
Poland,POL,2000,73.7
Poland,POL,2001,74.2
Poland,POL,2002,74.5
Poland,POL,2003,74.7
Poland,POL,2014,77.3
Poland,POL,2004,74.9
Poland,POL,2008,75.5
Poland,POL,2013,77.1
Poland,POL,2011,76.7
Poland,POL,2005,75
Poland,POL,2006,75.2
Poland,POL,2007,75.3
Poland,POL,2010,76.3
Poland,POL,2009,75.7
Poland,POL,2012,76.8
Portugal,PRT,2011,82
Portugal,PRT,2012,83
Portugal,PRT,2013,86
Portugal,PRT,2006,78.5
Portugal,PRT,2010,79.6
Portugal,PRT,2007,78.7
Portugal,PRT,2009,79.3
Portugal,PRT,2008,79
Portugal,PRT,2014,89
Portugal,PRT,2001,76.9
Portugal,PRT,2005,77.7
Portugal,PRT,2015,81.1
Portugal,PRT,2002,77.2
Portugal,PRT,2000,76.6
Portugal,PRT,2003,77.3
Portugal,PRT,2004,78
Qatar,QAT,2000,76.2
Qatar,QAT,2004,76.6
Qatar,QAT,2006,76.6
Qatar,QAT,2015,78.2
Qatar,QAT,2008,76.8
Qatar,QAT,2009,77
Qatar,QAT,2010,77.3
Qatar,QAT,2011,77.5
Qatar,QAT,2012,77.8
Qatar,QAT,2013,77.9
Qatar,QAT,2014,78.1
Qatar,QAT,2003,76.5
Qatar,QAT,2007,76.7
Qatar,QAT,2001,76.3
Qatar,QAT,2005,76.6
Qatar,QAT,2002,76.4
Romania,ROU,2004,71.7
Romania,ROU,2003,71.1
Romania,ROU,2008,73.1
Romania,ROU,2002,77
Romania,ROU,2015,75
Romania,ROU,2001,78
Romania,ROU,2000,77
Romania,ROU,2007,72.9
Romania,ROU,2005,71.9
Romania,ROU,2009,73.1
Romania,ROU,2010,73.4
Romania,ROU,2011,74.3
Romania,ROU,2012,74.4
Romania,ROU,2013,74.6
Romania,ROU,2014,74.8
Romania,ROU,2006,72.5
Russian Federation,RUS,2015,75
Russian Federation,RUS,2008,67.5
Russian Federation,RUS,2014,73
Russian Federation,RUS,2009,68.2
Russian Federation,RUS,2011,69.4
Russian Federation,RUS,2007,67.3
Russian Federation,RUS,2010,68.4
Russian Federation,RUS,2000,65
Russian Federation,RUS,2004,64.9
Russian Federation,RUS,2003,64.6
Russian Federation,RUS,2013,70
Russian Federation,RUS,2005,65
Russian Federation,RUS,2001,65.1
Russian Federation,RUS,2006,66.4
Russian Federation,RUS,2012,69.6
Russian Federation,RUS,2002,64.8
Rwanda,RWA,2007,59.6
Rwanda,RWA,2003,52
Rwanda,RWA,2001,48.6
Rwanda,RWA,2010,62.8
Rwanda,RWA,2002,57
Rwanda,RWA,2012,64.6
Rwanda,RWA,2008,68
Rwanda,RWA,2006,57.6
Rwanda,RWA,2014,65.7
Rwanda,RWA,2005,55.3
Rwanda,RWA,2000,48.3
Rwanda,RWA,2013,65.2
Rwanda,RWA,2009,61
Rwanda,RWA,2011,63.8
Rwanda,RWA,2015,66.1
Rwanda,RWA,2004,53.4
Saint Lucia,LCA,2001,71.8
Saint Lucia,LCA,2003,72.2
Saint Lucia,LCA,2004,72.6
Saint Lucia,LCA,2009,74.3
Saint Lucia,LCA,2005,73.1
Saint Lucia,LCA,2015,75.2
Saint Lucia,LCA,2012,74.7
Saint Lucia,LCA,2013,74.8
Saint Lucia,LCA,2011,74.6
Saint Lucia,LCA,2010,74.2
Saint Lucia,LCA,2008,74.1
Saint Lucia,LCA,2007,73.9
Saint Lucia,LCA,2006,73.5
Saint Lucia,LCA,2000,71.6
Saint Lucia,LCA,2014,75
Saint Lucia,LCA,2002,72
Saint Vincent and the Grenadines,VCT,2015,73.2
Saint Vincent and the Grenadines,VCT,2013,72.7
Saint Vincent and the Grenadines,VCT,2012,72.8
Saint Vincent and the Grenadines,VCT,2011,72.7
Saint Vincent and the Grenadines,VCT,2010,72.5
Saint Vincent and the Grenadines,VCT,2014,73.1
Saint Vincent and the Grenadines,VCT,2000,79
Saint Vincent and the Grenadines,VCT,2006,71.7
Saint Vincent and the Grenadines,VCT,2007,71.9
Saint Vincent and the Grenadines,VCT,2008,72.1
Saint Vincent and the Grenadines,VCT,2002,79
Saint Vincent and the Grenadines,VCT,2004,71.2
Saint Vincent and the Grenadines,VCT,2003,71
Saint Vincent and the Grenadines,VCT,2001,79
Saint Vincent and the Grenadines,VCT,2005,71.4
Saint Vincent and the Grenadines,VCT,2009,72.3
Samoa,WSM,2004,71.4
Samoa,WSM,2010,72.6
Samoa,WSM,2003,79
Samoa,WSM,2014,73.8
Samoa,WSM,2013,73.6
Samoa,WSM,2005,71.6
Samoa,WSM,2002,76
Samoa,WSM,2015,74
Samoa,WSM,2012,73.2
Samoa,WSM,2001,75
Samoa,WSM,2006,72
Samoa,WSM,2008,72.5
Samoa,WSM,2009,76
Samoa,WSM,2011,73
Samoa,WSM,2007,72.2
Samoa,WSM,2000,72
Sao Tome and Principe,STP,2007,65.1
Sao Tome and Principe,STP,2013,67.1
Sao Tome and Principe,STP,2014,67.3
Sao Tome and Principe,STP,2015,67.5
Sao Tome and Principe,STP,2006,64.7
Sao Tome and Principe,STP,2002,63.1
Sao Tome and Principe,STP,2004,63.8
Sao Tome and Principe,STP,2008,65.4
Sao Tome and Principe,STP,2010,66.2
Sao Tome and Principe,STP,2012,66.9
Sao Tome and Principe,STP,2001,62.8
Sao Tome and Principe,STP,2011,66.6
Sao Tome and Principe,STP,2005,64.3
Sao Tome and Principe,STP,2003,63.4
Sao Tome and Principe,STP,2009,65.8
Sao Tome and Principe,STP,2000,62.6
Saudi Arabia,SAU,2012,74.1
Saudi Arabia,SAU,2003,73
Saudi Arabia,SAU,2001,72.8
Saudi Arabia,SAU,2015,74.5
Saudi Arabia,SAU,2005,73.1
Saudi Arabia,SAU,2014,74.4
Saudi Arabia,SAU,2011,73.9
Saudi Arabia,SAU,2010,73.7
Saudi Arabia,SAU,2004,73.1
Saudi Arabia,SAU,2006,73.2
Saudi Arabia,SAU,2000,72.6
Saudi Arabia,SAU,2007,73.2
Saudi Arabia,SAU,2002,72.9
Saudi Arabia,SAU,2009,73.4
Saudi Arabia,SAU,2013,74.3
Saudi Arabia,SAU,2008,73.3
Senegal,SEN,2013,66
Senegal,SEN,2007,62.1
Senegal,SEN,2010,64.3
Senegal,SEN,2015,66.7
Senegal,SEN,2014,66.4
Senegal,SEN,2006,61.3
Senegal,SEN,2005,65
Senegal,SEN,2003,59
Senegal,SEN,2008,62.8
Senegal,SEN,2011,64.9
Senegal,SEN,2001,57.9
Senegal,SEN,2000,57.5
Senegal,SEN,2004,59.7
Senegal,SEN,2009,63.5
Senegal,SEN,2002,58.4
Senegal,SEN,2012,65.6
Serbia,SRB,2008,74
Serbia,SRB,2010,74.4
Serbia,SRB,2007,73.8
Serbia,SRB,2006,73.6
Serbia,SRB,2009,74.1
Serbia,SRB,2005,73
Serbia,SRB,2011,74.6
Serbia,SRB,2004,73
Serbia,SRB,2003,73
Serbia,SRB,2000,72.6
Serbia,SRB,2002,72.9
Serbia,SRB,2001,73.1
Serbia,SRB,2014,75.4
Serbia,SRB,2012,74.9
Serbia,SRB,2013,75.3
Serbia,SRB,2015,75.6
Seychelles,SYC,2015,73.2
Seychelles,SYC,2014,73
Seychelles,SYC,2002,72.1
Seychelles,SYC,2003,72.1
Seychelles,SYC,2013,72.9
Seychelles,SYC,2005,72.2
Seychelles,SYC,2012,72.7
Seychelles,SYC,2006,72.2
Seychelles,SYC,2000,71.8
Seychelles,SYC,2007,72.2
Seychelles,SYC,2008,72.2
Seychelles,SYC,2001,72
Seychelles,SYC,2004,72.1
Seychelles,SYC,2010,72.4
Seychelles,SYC,2011,72.6
Seychelles,SYC,2009,72.3
Sierra Leone,SLE,2003,41.5
Sierra Leone,SLE,2015,51
Sierra Leone,SLE,2004,42.3
Sierra Leone,SLE,2008,46.2
Sierra Leone,SLE,2006,44.3
Sierra Leone,SLE,2005,43.3
Sierra Leone,SLE,2014,48.1
Sierra Leone,SLE,2013,54
Sierra Leone,SLE,2012,49.7
Sierra Leone,SLE,2002,48
Sierra Leone,SLE,2009,47.1
Sierra Leone,SLE,2011,48.9
Sierra Leone,SLE,2000,39
Sierra Leone,SLE,2010,48.1
Sierra Leone,SLE,2001,41
Sierra Leone,SLE,2007,45.3
Singapore,SGP,2002,79
Singapore,SGP,2003,79.3
Singapore,SGP,2004,79.7
Singapore,SGP,2005,82
Singapore,SGP,2007,81.1
Singapore,SGP,2009,81.7
Singapore,SGP,2010,82
Singapore,SGP,2011,82.2
Singapore,SGP,2012,82.5
Singapore,SGP,2000,78.3
Singapore,SGP,2008,81.4
Singapore,SGP,2001,78.7
Singapore,SGP,2006,87
Singapore,SGP,2015,83.1
Singapore,SGP,2013,82.7
Singapore,SGP,2014,82.9
Slovakia,SVK,2001,73.3
Slovakia,SVK,2003,73.8
Slovakia,SVK,2004,74.1
Slovakia,SVK,2005,74
Slovakia,SVK,2000,73
Slovakia,SVK,2002,73.7
Slovakia,SVK,2008,74.7
Slovakia,SVK,2009,75
Slovakia,SVK,2007,74.4
Slovakia,SVK,2014,76.4
Slovakia,SVK,2015,76.7
Slovakia,SVK,2013,76.1
Slovakia,SVK,2012,75.8
Slovakia,SVK,2006,74.3
Slovakia,SVK,2010,75.1
Slovakia,SVK,2011,75.6
Slovenia,SVN,2009,79.1
Slovenia,SVN,2013,85
Slovenia,SVN,2001,76.2
Slovenia,SVN,2012,82
Slovenia,SVN,2003,76.5
Slovenia,SVN,2005,77.5
Slovenia,SVN,2004,77.2
Slovenia,SVN,2010,79.5
Slovenia,SVN,2006,78.1
Slovenia,SVN,2008,78.9
Slovenia,SVN,2007,78.3
Slovenia,SVN,2002,76.6
Slovenia,SVN,2000,76
Slovenia,SVN,2014,87
Slovenia,SVN,2011,79.8
Slovenia,SVN,2015,88
Solomon Islands,SLB,2010,68.3
Solomon Islands,SLB,2000,65.8
Solomon Islands,SLB,2002,66.5
Solomon Islands,SLB,2001,66.2
Solomon Islands,SLB,2008,68
Solomon Islands,SLB,2007,67.6
Solomon Islands,SLB,2006,67.6
Solomon Islands,SLB,2003,66.8
Solomon Islands,SLB,2005,67.4
Solomon Islands,SLB,2009,68.1
Solomon Islands,SLB,2011,68.5
Solomon Islands,SLB,2015,69.2
Solomon Islands,SLB,2012,68.7
Solomon Islands,SLB,2014,68.8
Solomon Islands,SLB,2004,67.1
Solomon Islands,SLB,2013,68.8
Somalia,SOM,2003,51.1
Somalia,SOM,2011,53.1
Somalia,SOM,2000,55
Somalia,SOM,2008,51.9
Somalia,SOM,2014,54.3
Somalia,SOM,2015,55
Somalia,SOM,2001,57
Somalia,SOM,2013,54.2
Somalia,SOM,2010,52.4
Somalia,SOM,2004,51.2
Somalia,SOM,2012,53.1
Somalia,SOM,2007,51.5
Somalia,SOM,2009,52.2
Somalia,SOM,2002,58
Somalia,SOM,2006,51.5
Somalia,SOM,2005,51.6
South Africa,ZAF,2001,56
South Africa,ZAF,2007,54.5
South Africa,ZAF,2002,54.9
South Africa,ZAF,2006,54
South Africa,ZAF,2003,54
South Africa,ZAF,2000,57.3
South Africa,ZAF,2013,69
South Africa,ZAF,2011,58.9
South Africa,ZAF,2012,59.2
South Africa,ZAF,2008,55.3
South Africa,ZAF,2010,58
South Africa,ZAF,2005,53.8
South Africa,ZAF,2015,62.9
South Africa,ZAF,2004,53.7
South Africa,ZAF,2014,62
South Africa,ZAF,2009,56.5
South Sudan,SSD,2015,57.3
South Sudan,SSD,2009,54.3
South Sudan,SSD,2001,49.6
South Sudan,SSD,2008,53.6
South Sudan,SSD,2012,56
South Sudan,SSD,2007,53.1
South Sudan,SSD,2006,52.5
South Sudan,SSD,2011,55.4
South Sudan,SSD,2002,52
South Sudan,SSD,2005,51.9
South Sudan,SSD,2014,56.6
South Sudan,SSD,2000,48.9
South Sudan,SSD,2010,55
South Sudan,SSD,2004,51.4
South Sudan,SSD,2003,58
South Sudan,SSD,2013,56.4
Spain,ESP,2005,81
Spain,ESP,2014,82.6
Spain,ESP,2004,81
Spain,ESP,2013,82.4
Spain,ESP,2012,82
Spain,ESP,2011,82.1
Spain,ESP,2010,81.9
Spain,ESP,2009,81.6
Spain,ESP,2015,82.8
Spain,ESP,2003,79.4
Spain,ESP,2000,79.1
Spain,ESP,2001,79.4
Spain,ESP,2002,79.5
Spain,ESP,2008,81.3
Spain,ESP,2007,89
Spain,ESP,2006,88
Sri Lanka,LKA,2014,74.7
Sri Lanka,LKA,2015,74.9
Sri Lanka,LKA,2011,74.5
Sri Lanka,LKA,2012,74.5
Sri Lanka,LKA,2013,74.6
Sri Lanka,LKA,2007,73.7
Sri Lanka,LKA,2004,69.1
Sri Lanka,LKA,2005,74.2
Sri Lanka,LKA,2002,73.7
Sri Lanka,LKA,2001,72.7
Sri Lanka,LKA,2006,73.8
Sri Lanka,LKA,2000,71.5
Sri Lanka,LKA,2010,74.5
Sri Lanka,LKA,2009,71.8
Sri Lanka,LKA,2008,72.3
Sri Lanka,LKA,2003,73.9
Sudan,SDN,2000,58.6
Sudan,SDN,2012,63.2
Sudan,SDN,2007,61.4
Sudan,SDN,2008,61.8
Sudan,SDN,2010,62.5
Sudan,SDN,2009,62
Sudan,SDN,2013,63.5
Sudan,SDN,2002,59.4
Sudan,SDN,2003,59.6
Sudan,SDN,2004,59.7
Sudan,SDN,2005,67
Sudan,SDN,2011,62.7
Sudan,SDN,2001,58.9
Sudan,SDN,2015,64.1
Sudan,SDN,2006,61
Sudan,SDN,2014,63.8
Suriname,SUR,2004,68.3
Suriname,SUR,2005,68.9
Suriname,SUR,2003,68
Suriname,SUR,2009,70
Suriname,SUR,2010,73
Suriname,SUR,2006,69.3
Suriname,SUR,2008,69.8
Suriname,SUR,2012,71.3
Suriname,SUR,2002,67.9
Suriname,SUR,2011,76
Suriname,SUR,2001,67.7
Suriname,SUR,2014,71.4
Suriname,SUR,2007,69.5
Suriname,SUR,2013,71.2
Suriname,SUR,2015,71.6
Suriname,SUR,2000,67.4
Swaziland,null,2011,55
Swaziland,null,2008,51.4
Swaziland,null,2013,57.6
Swaziland,null,2007,50
Swaziland,null,2006,47.8
Swaziland,null,2002,46.4
Swaziland,null,2012,56.5
Swaziland,null,2009,52.6
Swaziland,null,2014,58.4
Swaziland,null,2005,46
Swaziland,null,2015,58.9
Swaziland,null,2001,47.1
Swaziland,null,2000,48.4
Swaziland,null,2010,53.6
Swaziland,null,2003,45.9
Swaziland,null,2004,45.6
Sweden,SWE,2014,82.3
Sweden,SWE,2003,82
Sweden,SWE,2002,79.9
Sweden,SWE,2001,79.8
Sweden,SWE,2000,79.6
Sweden,SWE,2006,88
Sweden,SWE,2005,85
Sweden,SWE,2004,83
Sweden,SWE,2008,81.1
Sweden,SWE,2009,81.4
Sweden,SWE,2010,81.5
Sweden,SWE,2011,81.7
Sweden,SWE,2012,81.7
Sweden,SWE,2015,82.4
Sweden,SWE,2013,81.9
Sweden,SWE,2007,89
Switzerland,CHE,2005,81.1
Switzerland,CHE,2010,82.3
Switzerland,CHE,2009,82.1
Switzerland,CHE,2011,82.6
Switzerland,CHE,2015,83.4
Switzerland,CHE,2014,83.2
Switzerland,CHE,2013,83
Switzerland,CHE,2012,82.7
Switzerland,CHE,2007,81.7
Switzerland,CHE,2006,81.5
Switzerland,CHE,2000,79.7
Switzerland,CHE,2001,82
Switzerland,CHE,2002,84
Switzerland,CHE,2003,85
Switzerland,CHE,2004,81
Switzerland,CHE,2008,82
Tajikistan,TJK,2015,69.7
Tajikistan,TJK,2011,68.1
Tajikistan,TJK,2009,66.7
Tajikistan,TJK,2010,67.3
Tajikistan,TJK,2000,63.7
Tajikistan,TJK,2012,68.8
Tajikistan,TJK,2014,69.6
Tajikistan,TJK,2001,64
Tajikistan,TJK,2013,69.3
Tajikistan,TJK,2008,66.4
Tajikistan,TJK,2007,66.1
Tajikistan,TJK,2002,64.3
Tajikistan,TJK,2006,65.9
Tajikistan,TJK,2003,65.2
Tajikistan,TJK,2005,65.5
Tajikistan,TJK,2004,65.9
Thailand,THA,2002,71.4
Thailand,THA,2015,74.9
Thailand,THA,2014,74.6
Thailand,THA,2013,74.5
Thailand,THA,2012,74.3
Thailand,THA,2006,73
Thailand,THA,2007,73.3
Thailand,THA,2011,74.1
Thailand,THA,2001,71.2
Thailand,THA,2000,71.1
Thailand,THA,2005,72.5
Thailand,THA,2004,71.6
Thailand,THA,2003,71.7
Thailand,THA,2010,73.9
Thailand,THA,2009,73.7
Thailand,THA,2008,73.5
Togo,TGO,2003,54.7
Togo,TGO,2013,59.4
Togo,TGO,2004,54.9
Togo,TGO,2014,59.7
Togo,TGO,2015,59.9
Togo,TGO,2001,54.6
Togo,TGO,2002,54.7
Togo,TGO,2012,58.9
Togo,TGO,2000,54.6
Togo,TGO,2011,58.3
Togo,TGO,2006,55.7
Togo,TGO,2005,55
Togo,TGO,2009,56.7
Togo,TGO,2010,57.4
Togo,TGO,2007,55.9
Togo,TGO,2008,56.2
Tonga,TON,2000,71.6
Tonga,TON,2001,71.8
Tonga,TON,2003,72
Tonga,TON,2004,72.2
Tonga,TON,2005,72.3
Tonga,TON,2002,71.9
Tonga,TON,2011,72.9
Tonga,TON,2007,72.5
Tonga,TON,2008,72.6
Tonga,TON,2009,72.5
Tonga,TON,2014,73.3
Tonga,TON,2010,72.8
Tonga,TON,2015,73.5
Tonga,TON,2012,73
Tonga,TON,2006,72.4
Tonga,TON,2013,73.2
Trinidad and Tobago,TTO,2002,69.2
Trinidad and Tobago,TTO,2008,69.9
Trinidad and Tobago,TTO,2001,69.1
Trinidad and Tobago,TTO,2013,71
Trinidad and Tobago,TTO,2004,69.4
Trinidad and Tobago,TTO,2015,71.2
Trinidad and Tobago,TTO,2000,69.1
Trinidad and Tobago,TTO,2010,74
Trinidad and Tobago,TTO,2007,69.7
Trinidad and Tobago,TTO,2011,76
Trinidad and Tobago,TTO,2012,78
Trinidad and Tobago,TTO,2009,71
Trinidad and Tobago,TTO,2006,69.6
Trinidad and Tobago,TTO,2003,69.3
Trinidad and Tobago,TTO,2014,71.1
Trinidad and Tobago,TTO,2005,69.5
Tunisia,TUN,2011,74.8
Tunisia,TUN,2012,74.9
Tunisia,TUN,2002,73.5
Tunisia,TUN,2004,74
Tunisia,TUN,2003,73.7
Tunisia,TUN,2015,75.3
Tunisia,TUN,2014,75.1
Tunisia,TUN,2006,74.4
Tunisia,TUN,2007,74.6
Tunisia,TUN,2001,73.2
Tunisia,TUN,2000,72.9
Tunisia,TUN,2005,74.2
Tunisia,TUN,2010,74.8
Tunisia,TUN,2009,74.7
Tunisia,TUN,2008,74.7
Tunisia,TUN,2013,74.9
Turkey,TUR,2007,73.2
Turkey,TUR,2015,75.8
Turkey,TUR,2006,72.8
Turkey,TUR,2008,73.5
Turkey,TUR,2001,78
Turkey,TUR,2002,71.2
Turkey,TUR,2009,73.9
Turkey,TUR,2010,74.2
Turkey,TUR,2011,74.5
Turkey,TUR,2004,72
Turkey,TUR,2005,72.4
Turkey,TUR,2003,71.6
Turkey,TUR,2014,75.5
Turkey,TUR,2012,74.8
Turkey,TUR,2000,74
Turkey,TUR,2013,75.2
Turkmenistan,TKM,2014,66
Turkmenistan,TKM,2015,66.3
Turkmenistan,TKM,2000,63.8
Turkmenistan,TKM,2001,64
Turkmenistan,TKM,2002,63.3
Turkmenistan,TKM,2004,63.5
Turkmenistan,TKM,2005,63.3
Turkmenistan,TKM,2003,63.4
Turkmenistan,TKM,2007,64.1
Turkmenistan,TKM,2006,63.7
Turkmenistan,TKM,2009,65.6
Turkmenistan,TKM,2010,65.8
Turkmenistan,TKM,2011,65.6
Turkmenistan,TKM,2012,65.6
Turkmenistan,TKM,2013,65.4
Turkmenistan,TKM,2008,64.5
Uganda,UGA,2003,51
Uganda,UGA,2004,51.3
Uganda,UGA,2005,53.2
Uganda,UGA,2006,54.9
Uganda,UGA,2002,48.8
Uganda,UGA,2001,47.7
Uganda,UGA,2007,55.5
Uganda,UGA,2013,67
Uganda,UGA,2008,56.3
Uganda,UGA,2000,46.6
Uganda,UGA,2011,59.3
Uganda,UGA,2014,61.5
Uganda,UGA,2009,57.5
Uganda,UGA,2015,62.3
Uganda,UGA,2012,60
Uganda,UGA,2010,58.4
Ukraine,UKR,2008,67.7
Ukraine,UKR,2015,71.3
Ukraine,UKR,2012,77
Ukraine,UKR,2013,71
Ukraine,UKR,2011,75
Ukraine,UKR,2010,69.8
Ukraine,UKR,2014,78
Ukraine,UKR,2004,67.4
Ukraine,UKR,2003,67.6
Ukraine,UKR,2000,67.5
Ukraine,UKR,2007,67.5
Ukraine,UKR,2006,67.7
Ukraine,UKR,2001,67.7
Ukraine,UKR,2005,67
Ukraine,UKR,2002,67.6
Ukraine,UKR,2009,69.2
United Arab Emirates,ARE,2003,74.9
United Arab Emirates,ARE,2005,75.3
United Arab Emirates,ARE,2007,75.6
United Arab Emirates,ARE,2004,75.1
United Arab Emirates,ARE,2011,76.3
United Arab Emirates,ARE,2002,74.7
United Arab Emirates,ARE,2001,74.5
United Arab Emirates,ARE,2006,75.4
United Arab Emirates,ARE,2000,74.2
United Arab Emirates,ARE,2012,76.5
United Arab Emirates,ARE,2010,76.2
United Arab Emirates,ARE,2013,76.7
United Arab Emirates,ARE,2014,76.9
United Arab Emirates,ARE,2015,77.1
United Arab Emirates,ARE,2008,75.8
United Arab Emirates,ARE,2009,76
Uruguay,URY,2001,75.2
Uruguay,URY,2002,75.4
Uruguay,URY,2003,75.4
Uruguay,URY,2004,75.4
Uruguay,URY,2006,76.2
Uruguay,URY,2009,76.6
Uruguay,URY,2010,76.3
Uruguay,URY,2007,75.4
Uruguay,URY,2008,76.4
Uruguay,URY,2015,77
Uruguay,URY,2011,77
Uruguay,URY,2012,76.5
Uruguay,URY,2005,75.7
Uruguay,URY,2013,76.8
Uruguay,URY,2014,76.8
Uruguay,URY,2000,75.1
Uzbekistan,UZB,2010,68.3
Uzbekistan,UZB,2001,67.4
Uzbekistan,UZB,2009,68
Uzbekistan,UZB,2006,67.6
Uzbekistan,UZB,2014,69.2
Uzbekistan,UZB,2002,67.1
Uzbekistan,UZB,2000,67.1
Uzbekistan,UZB,2013,69.1
Uzbekistan,UZB,2008,67.9
Uzbekistan,UZB,2012,68.8
Uzbekistan,UZB,2004,67.8
Uzbekistan,UZB,2007,67.8
Uzbekistan,UZB,2005,67.3
Uzbekistan,UZB,2003,67.2
Uzbekistan,UZB,2011,68.5
Uzbekistan,UZB,2015,69.4
Vanuatu,VUT,2012,71.4
Vanuatu,VUT,2009,78
Vanuatu,VUT,2008,75
Vanuatu,VUT,2014,71.7
Vanuatu,VUT,2007,73
Vanuatu,VUT,2000,69
Vanuatu,VUT,2015,72
Vanuatu,VUT,2013,71.6
Vanuatu,VUT,2005,69.9
Vanuatu,VUT,2011,71.2
Vanuatu,VUT,2004,69.6
Vanuatu,VUT,2003,69.4
Vanuatu,VUT,2002,69.3
Vanuatu,VUT,2001,69.1
Vanuatu,VUT,2006,71
Vanuatu,VUT,2010,71
Yemen,YEM,2013,65.4
Yemen,YEM,2008,63.8
Yemen,YEM,2014,65.4
Yemen,YEM,2010,64.4
Yemen,YEM,2015,65.7
Yemen,YEM,2009,64.1
Yemen,YEM,2007,63.4
Yemen,YEM,2006,63
Yemen,YEM,2011,64.6
Yemen,YEM,2005,62.6
Yemen,YEM,2004,62.2
Yemen,YEM,2003,61.9
Yemen,YEM,2002,61.5
Yemen,YEM,2001,61.1
Yemen,YEM,2000,68
Yemen,YEM,2012,64.7
Zambia,ZMB,2015,61.8
Zambia,ZMB,2010,58
Zambia,ZMB,2011,58.2
Zambia,ZMB,2007,52.6
Zambia,ZMB,2008,55.7
Zambia,ZMB,2004,47.9
Zambia,ZMB,2000,43.8
Zambia,ZMB,2001,44.6
Zambia,ZMB,2002,45.5
Zambia,ZMB,2006,58
Zambia,ZMB,2013,63
Zambia,ZMB,2014,61.1
Zambia,ZMB,2005,49.3
Zambia,ZMB,2009,57.4
Zambia,ZMB,2012,59.2
Zambia,ZMB,2003,46.4
Zimbabwe,ZWE,2014,59.2
Zimbabwe,ZWE,2011,54.9
Zimbabwe,ZWE,2000,46
Zimbabwe,ZWE,2001,45.3
Zimbabwe,ZWE,2013,58
Zimbabwe,ZWE,2010,52.4
Zimbabwe,ZWE,2009,50
Zimbabwe,ZWE,2003,44.5
Zimbabwe,ZWE,2015,67
Zimbabwe,ZWE,2004,44.3
Zimbabwe,ZWE,2006,45.4
Zimbabwe,ZWE,2008,48.2
Zimbabwe,ZWE,2012,56.6
Zimbabwe,ZWE,2005,44.6
Zimbabwe,ZWE,2002,44.8
Zimbabwe,ZWE,2007,46.6
